     4.01           N: GNSS NAV DATA    M: MIXED            RINEX VERSION / TYPE
sbf2rin-16.2.0                          20260417 105926 UTC PGM / RUN BY / DATE 
    18                                                      LEAP SECONDS        
                                                            END OF HEADER       
> EPH G01 LNAV
G01 2026 04 16 16 00 00 2.963333390653E-04-8.299139153678E-12 0.000000000000E+00
     1.760000000000E+02-1.247812500000E+02 4.703410201628E-09 1.697592014196E+00
    -6.344169378281E-06 1.696671824902E-03 8.543953299522E-06 5.153619623184E+03
     4.032000000000E+05 7.636845111847E-08 2.383424455881E+00 1.266598701477E-07
     9.576361693446E-01 2.116875000000E+02 1.585781780805E-01-8.298559954046E-09
    -5.389510209019E-10 1.000000000000E+00 2.414000000000E+03 0.000000000000E+00
     2.000000000000E+00 0.000000000000E+00-9.313225746155E-09 4.320000000000E+02
     4.009680000000E+05 4.000000000000E+00
> EPH G02 LNAV
G02 2026 04 16 16 00 00 8.001551032066E-05 7.730704965070E-12 0.000000000000E+00
     3.100000000000E+01-1.202812500000E+02 4.605548982459E-09-3.076580364950E+00
    -5.999580025673E-06 1.682202063967E-02 6.610527634621E-06 5.153767227173E+03
     4.032000000000E+05-1.061707735062E-07 2.221059789381E+00 3.371387720108E-07
     9.626898110719E-01 2.498437500000E+02-7.823462939205E-01-8.015691028563E-09
    -4.910918845196E-10 1.000000000000E+00 2.414000000000E+03 0.000000000000E+00
     2.000000000000E+00 0.000000000000E+00-1.769512891769E-08 3.100000000000E+01
     4.009680000000E+05 4.000000000000E+00
> EPH G03 LNAV
G03 2026 04 16 16 00 00 5.010850727558E-04-1.432454155292E-11 0.000000000000E+00
     7.600000000000E+01 1.912500000000E+01 3.540504619086E-09-3.682918457022E-01
     9.443610906601E-07 6.699912366457E-03 1.326017081738E-05 5.153608182907E+03
     4.032000000000E+05-5.587935447693E-08-2.911530932173E+00 1.396983861923E-07
     9.942121364004E-01 1.402812500000E+02 1.209210673118E+00-7.608531211579E-09
     3.582292073987E-10 1.000000000000E+00 2.414000000000E+03 0.000000000000E+00
     2.000000000000E+00 0.000000000000E+00 1.396983861923E-09 7.600000000000E+01
     4.009680000000E+05 4.000000000000E+00
> EPH G04 LNAV
G04 2026 04 16 16 00 00 5.354918539524E-05 1.477928890381E-12 0.000000000000E+00
     2.090000000000E+02 2.418750000000E+01 4.769841540189E-09 2.580428835436E+00
     1.210719347000E-06 3.723342902958E-03 4.287809133530E-06 5.153702951431E+03
     4.032000000000E+05-4.656612873077E-08-1.842067441091E+00-3.166496753693E-08
     9.707149305389E-01 3.027812500000E+02-2.869363564944E+00-8.280344909602E-09
     1.917937032633E-10 1.000000000000E+00 2.414000000000E+03 0.000000000000E+00
     2.000000000000E+00 0.000000000000E+00-4.656612873077E-09 2.090000000000E+02
     4.018260000000E+05 4.000000000000E+00
> EPH G08 LNAV
G08 2026 04 16 16 00 00 4.604686982930E-04-6.707523425575E-12 0.000000000000E+00
     8.300000000000E+01 6.018750000000E+01 5.425225982439E-09 2.887402774132E+00
     3.021210432053E-06 1.158878975548E-02 1.531094312668E-06 5.153704710007E+03
     4.032000000000E+05-7.450580596924E-08 1.212505411866E+00-1.769512891769E-07
     9.428195741168E-01 3.429375000000E+02 5.380027835526E-01-8.628930858177E-09
     2.871548182937E-10 1.000000000000E+00 2.414000000000E+03 0.000000000000E+00
     2.800000000000E+00 0.000000000000E+00 4.656612873077E-09 8.300000000000E+01
     4.009680000000E+05 4.000000000000E+00
> EPH G14 LNAV
G14 2026 04 16 16 00 00 7.434682920575E-04 1.364242052659E-12 0.000000000000E+00
     1.900000000000E+02 1.047187500000E+02 4.731982820364E-09-7.545298063379E-01
     5.491077899933E-06 6.969522801228E-03 1.250021159649E-05 5.153665111542E+03
     4.032000000000E+05 1.601874828339E-07 2.290933106102E-01 5.774199962616E-08
     9.428454253422E-01 1.266562500000E+02-2.727591973463E+00-8.187483898711E-09
     3.075128091428E-10 1.000000000000E+00 2.414000000000E+03 0.000000000000E+00
     2.000000000000E+00 0.000000000000E+00-8.381903171539E-09 7.020000000000E+02
     4.009680000000E+05 4.000000000000E+00
> EPH G17 LNAV
G17 2026 04 16 16 00 00-1.142397522926E-04-8.981260180008E-12 0.000000000000E+00
     7.500000000000E+01 4.740625000000E+01 5.224503335820E-09 2.852534995075E+00
     2.574175596237E-06 1.259386376478E-02 9.890645742416E-07 5.153614442825E+03
     4.032000000000E+05 2.086162567139E-07 1.317948622010E+00 1.266598701477E-07
     9.584028686178E-01 3.579375000000E+02-1.114976573901E+00-8.593572242492E-09
     1.575065607805E-10 1.000000000000E+00 2.414000000000E+03 0.000000000000E+00
     2.000000000000E+00 0.000000000000E+00-1.117587089539E-08 7.500000000000E+01
     4.009680000000E+05 4.000000000000E+00
> EPH G22 LNAV
G22 2026 04 16 15 59 44-1.764623448253E-05 6.025402399246E-12 0.000000000000E+00
     1.400000000000E+01 1.245000000000E+02 4.324108687912E-09-2.785378810231E+00
     6.429851055145E-06 1.200878876261E-02 1.225620508194E-05 5.153630519867E+03
     4.031840000000E+05 4.656612873077E-08 3.046639808091E-01 1.732259988785E-07
     9.580613343001E-01 1.355312500000E+02-9.933953394976E-01-7.776752504386E-09
     4.053740283126E-10 1.000000000000E+00 2.414000000000E+03 0.000000000000E+00
     2.000000000000E+00 0.000000000000E+00-1.117587089539E-08 1.400000000000E+01
     4.009680000000E+05 4.000000000000E+00
> EPH G32 LNAV
G32 2026 04 16 16 00 00 5.483627319336E-06 1.955413608812E-11 0.000000000000E+00
     6.600000000000E+01 3.493750000000E+01 4.665551481803E-09-2.738011216883E+00
     1.916661858559E-06 9.391019935720E-03 4.285946488380E-06 5.153742328644E+03
     4.032000000000E+05 1.024454832077E-07-1.889476743696E+00-5.215406417847E-08
     9.679715977995E-01 3.007187500000E+02-1.981064374369E+00-8.130695818974E-09
     3.253706958526E-10 1.000000000000E+00 2.414000000000E+03 0.000000000000E+00
     2.000000000000E+00 0.000000000000E+00 9.313225746155E-10 6.600000000000E+01
     4.009680000000E+05 4.000000000000E+00
> EPH G01 CNAV
G01 2026 04 16 15 30 00 2.963482402265E-04-8.242295734817E-12 0.000000000000E+00
    -4.519939422607E-03-1.193710937500E+02 4.670551690082E-09 1.434742443833E+00
    -6.171874701977E-06 1.698347099591E-03 8.774921298027E-06 5.153620943009E+03
     3.447000000000E+05 9.220093488693E-08 2.383439599278E+00 5.587935447693E-08
     9.576371465739E-01 2.057812500000E+02 1.588708026581E-01-8.302432207391E-09
    -5.835957376764E-10 5.172944966109E-14-2.000000000000E+00 3.000000000000E+00
    -2.000000000000E+00 1.000000000000E+00-9.313225746155E-09 7.000000000000E+00
    -2.910383045673E-10 5.937181413174E-09-1.746229827404E-10-2.910383045673E-10
     4.009620000000E+05 2.414000000000E+03
> EPH G03 CNAV
G03 2026 04 16 15 30 00 5.011110333726E-04-1.432098883924E-11 0.000000000000E+00
     5.549430847168E-03 2.214062500000E+01 3.534254358737E-09-6.310809273280E-01
     1.070089638233E-06 6.701081816573E-03 1.364108175039E-05 5.153608186678E+03
     3.609000000000E+05-5.308538675308E-08-2.911517247306E+00 1.350417733192E-07
     9.942114802817E-01 1.334414062500E+02 1.209449845595E+00-7.611153412855E-09
     3.601935749368E-10-5.308099870407E-14-2.000000000000E+00 2.000000000000E+00
    -3.000000000000E+00 1.000000000000E+00 1.396983861923E-09 7.000000000000E+00
     5.529727786779E-10-2.008164301515E-09 1.862645149231E-09 5.005858838558E-09
     4.009620000000E+05 2.414000000000E+03
> EPH G04 CNAV
G04 2026 04 16 15 30 00 5.354650784284E-05 1.527666881884E-12 0.000000000000E+00
     1.001358032227E-04 2.436718750000E+01 4.771270171125E-09 2.317897890094E+00
     1.277774572372E-06 3.723331552465E-03 4.240311682224E-06 5.153702914456E+03
     3.879000000000E+05-4.842877388000E-08-1.842052487143E+00-1.117587089539E-08
     9.707145362825E-01 3.028164062500E+02-2.869373858767E+00-8.293324685169E-09
     1.860791795162E-10 3.662261922909E-15-2.000000000000E+00 3.000000000000E+00
    -4.000000000000E+00 1.000000000000E+00-4.656612873077E-09 7.000000000000E+00
    -2.037268131971E-10 3.317836672068E-09-1.426087692380E-09-1.396983861923E-09
     4.014300000000E+05 2.414000000000E+03
> EPH G08 CNAV
G08 2026 04 16 15 30 00 4.604808927979E-04-6.721734280291E-12 0.000000000000E+00
     3.341674804688E-03 6.458984375000E+01 5.455941547579E-09 2.624962152279E+00
     3.222376108170E-06 1.158838055562E-02 1.601874828339E-06 5.153704328601E+03
     3.159000000000E+05-1.182779669762E-07 1.212520929038E+00-1.844018697739E-07
     9.428189092205E-01 3.410351562500E+02 5.379034697015E-01-8.662447203461E-09
     2.885834492304E-10-3.418111128048E-14-2.000000000000E+00 3.000000000000E+00
    -1.000000000000E+00 1.000000000000E+00 4.656612873077E-09 7.000000000000E+00
    -1.047737896442E-09-4.685716703534E-09 6.257323548198E-09 6.839400157332E-09
     4.009620000000E+05 2.414000000000E+03
> EPH G14 CNAV
G14 2026 04 16 15 30 00 7.434660510626E-04 1.314504061156E-12 0.000000000000E+00
    -7.112503051758E-03 1.019023437500E+02 4.726089717750E-09-1.016898977810E+00
     5.203299224377E-06 6.967307592276E-03 1.310370862484E-05 5.153664942149E+03
     3.717000000000E+05 1.443549990654E-07 2.291078534789E-01-1.303851604462E-08
     9.428450318172E-01 1.173593750000E+02-2.727774049710E+00-8.140639753800E-09
     3.328710082708E-10 5.752803103903E-14-2.000000000000E+00 3.000000000000E+00
    -3.000000000000E+00 1.000000000000E+00-8.381903171539E-09 7.000000000000E+00
    -2.619344741106E-10 5.326000973582E-09-1.076841726899E-09-7.275957614183E-10
     4.009620000000E+05 2.414000000000E+03
> EPH G17 CNAV
G17 2026 04 16 15 30 00-1.142234541476E-04-8.952838470577E-12 0.000000000000E+00
    -6.179809570312E-03 5.622656250000E+01 5.202538135167E-09 2.589811142772E+00
     2.826564013958E-06 1.259477820713E-02 1.004897058010E-06 5.153615004940E+03
     3.483000000000E+05 1.955777406693E-07 1.317964402508E+00 1.676380634308E-08
     9.584026126072E-01 3.571835937500E+02-1.114812720493E+00-8.590122762286E-09
     9.053948561871E-11 7.289645160838E-14-2.000000000000E+00 3.000000000000E+00
    -2.000000000000E+00 1.000000000000E+00-1.117587089539E-08 7.000000000000E+00
    -8.440110832453E-10 7.014023140073E-09 0.000000000000E+00 0.000000000000E+00
     4.009800000000E+05 2.414000000000E+03
> EPH G32 CNAV
G32 2026 04 16 15 30 00 5.448353476822E-06 1.955413608812E-11 0.000000000000E+00
     2.528667449951E-03 3.140234375000E+01 4.651800909037E-09-3.000451656604E+00
     1.578591763973E-06 9.391313767992E-03 4.324130713940E-06 5.153742023778E+03
     3.537000000000E+05 8.568167686462E-08-1.889462035518E+00-7.078051567078E-08
     9.679710236042E-01 3.001210937500E+02-1.981157460578E+00-8.126353444433E-09
     3.103700710164E-10-1.523762550068E-14-2.000000000000E+00 3.000000000000E+00
    -2.000000000000E+00 1.000000000000E+00 9.313225746155E-10 7.000000000000E+00
    -2.910383045673E-10-1.891748979688E-09 8.614733815193E-09 9.051291272044E-09
     4.009620000000E+05 2.414000000000E+03
> ION G01 LNAV
    2026 04 16 15 37 24 1.583248376846E-08 1.490116119385E-08-1.192092895508E-07
    -1.192092895508E-07 1.064960000000E+05 6.553600000000E+04-1.966080000000E+05
    -1.966080000000E+05 0.000000000000E+00
> STO G03 LNAV
    2026 04 18 19 50 24 GPUT                                  UTC(USNO)         
     4.025340000000E+05-3.725290298462E-09 0.000000000000E+00 0.000000000000E+00
> EPH G19 LNAV
G19 2026 04 16 16 00 00 6.972458213568E-04 1.136868377216E-12 0.000000000000E+00
     6.400000000000E+01 2.968750000000E+01 5.272362472203E-09-1.669141980680E+00
     1.510605216026E-06 1.134547695983E-02 1.424923539162E-06 5.153725933075E+03
     4.032000000000E+05-5.215406417847E-08 1.361826604219E+00-2.160668373108E-07
     9.575435885740E-01 3.525937500000E+02 2.953239096731E+00-8.804652463402E-09
     2.885834492304E-10 1.000000000000E+00 2.414000000000E+03 0.000000000000E+00
     2.000000000000E+00 0.000000000000E+00-1.536682248116E-08 6.400000000000E+01
     4.027980000000E+05 4.000000000000E+00
> EPH G08 LNAV
G08 2026 04 16 15 59 28 4.604686982930E-04-6.707523425575E-12 0.000000000000E+00
     4.000000000000E+00 6.018750000000E+01 5.425225982439E-09 2.882735756784E+00
     3.021210432053E-06 1.158879220020E-02 1.531094312668E-06 5.153704702377E+03
     4.031680000000E+05-7.450580596924E-08 1.212505692746E+00-1.769512891769E-07
     9.428195828943E-01 3.429375000000E+02 5.380024163601E-01-8.628930858177E-09
     2.871548182937E-10 1.000000000000E+00 2.414000000000E+03 0.000000000000E+00
     2.000000000000E+00 0.000000000000E+00 4.656612873077E-09 4.000000000000E+00
     4.031880000000E+05 4.000000000000E+00
> EPH G03 LNAV
G03 2026 04 16 18 00 00 5.009821616113E-04-1.432454155292E-11 0.000000000000E+00
     8.400000000000E+01 1.431250000000E+01 3.591935332810E-09 6.819191899514E-01
     7.692724466324E-07 6.699017016217E-03 1.315213739872E-05 5.153606517792E+03
     4.104000000000E+05-1.266598701477E-07-2.911585080623E+00 1.862645149231E-08
     9.942144068493E-01 1.451875000000E+02 1.209214163641E+00-7.584958801122E-09
     2.510818871398E-10 1.000000000000E+00 2.414000000000E+03 0.000000000000E+00
     2.000000000000E+00 0.000000000000E+00 1.396983861923E-09 8.400000000000E+01
     4.032180000000E+05 4.000000000000E+00
> EPH G01 LNAV
G01 2026 04 16 18 00 00 2.962742000818E-04-8.299139153678E-12 0.000000000000E+00
     1.770000000000E+02-1.197500000000E+02 4.686623788121E-09 2.748277939390E+00
    -6.230548024178E-06 1.696689520031E-03 8.238479495049E-06 5.153618413925E+03
     4.104000000000E+05-7.636845111847E-08 2.383364474777E+00 2.048909664154E-08
     9.576331674367E-01 2.185000000000E+02 1.581088812753E-01-8.175697693483E-09
    -4.289464387695E-10 1.000000000000E+00 2.414000000000E+03 0.000000000000E+00
     2.000000000000E+00 0.000000000000E+00-9.313225746155E-09 4.330000000000E+02
     4.032180000000E+05 4.000000000000E+00
> EPH G17 LNAV
G17 2026 04 16 18 00 00-1.143040135503E-04-8.981260180008E-12 0.000000000000E+00
     7.700000000000E+01 3.990625000000E+01 5.105569810333E-09-2.380404159102E+00
     2.406537532806E-06 1.259292813484E-02 1.039355993271E-06 5.153616243362E+03
     4.104000000000E+05 9.313225746155E-09 1.317886461158E+00 1.657754182816E-07
     9.584047791889E-01 3.578125000000E+02-1.115001006096E+00-8.523212168855E-09
     2.732256666600E-10 1.000000000000E+00 2.414000000000E+03 0.000000000000E+00
     2.000000000000E+00 0.000000000000E+00-1.117587089539E-08 7.700000000000E+01
     4.032180000000E+05 4.000000000000E+00
> EPH G02 LNAV
G02 2026 04 16 18 00 00 8.007138967514E-05 7.730704965070E-12 0.000000000000E+00
     3.200000000000E+01-1.156562500000E+02 4.666265797272E-09-2.026424633451E+00
    -5.772337317467E-06 1.682195579633E-02 6.612390279770E-06 5.153767868042E+03
     4.104000000000E+05-4.377216100693E-07 2.221001626684E+00 2.291053533554E-07
     9.626854223177E-01 2.544687500000E+02-7.823772361008E-01-8.227485564941E-09
    -4.603763193788E-10 1.000000000000E+00 2.414000000000E+03 0.000000000000E+00
     2.000000000000E+00 0.000000000000E+00-1.769512891769E-08 3.200000000000E+01
     4.032180000000E+05 4.000000000000E+00
> EPH G14 LNAV
G14 2026 04 16 18 00 00 7.434780709445E-04 1.364242052659E-12 0.000000000000E+00
     1.910000000000E+02 1.075000000000E+02 4.633764443460E-09 2.957408739488E-01
     5.621463060379E-06 6.971364724450E-03 1.198798418045E-05 5.153668777466E+03
     4.104000000000E+05 1.043081283569E-07 2.290343403825E-01 1.527369022369E-07
     9.428475363330E-01 1.403437500000E+02-2.727676676419E+00-8.191769791521E-09
     2.817974522807E-10 1.000000000000E+00 2.414000000000E+03 0.000000000000E+00
     2.000000000000E+00 0.000000000000E+00-8.381903171539E-09 7.030000000000E+02
     4.032180000000E+05 4.000000000000E+00
> EPH G22 LNAV
G22 2026 04 16 17 59 44-1.760246232152E-05 6.025402399246E-12 0.000000000000E+00
     2.200000000000E+01 1.267500000000E+02 4.253391456541E-09-1.734990209969E+00
     6.640329957008E-06 1.200754533056E-02 1.183524727821E-05 5.153635143280E+03
     4.103840000000E+05-2.216547727585E-07 3.046073219919E-01 1.732259988785E-07
     9.580631088198E-01 1.550312500000E+02-9.935791931901E-01-8.023191340981E-09
     4.039453973758E-10 1.000000000000E+00 2.414000000000E+03 0.000000000000E+00
     2.000000000000E+00 0.000000000000E+00-1.117587089539E-08 2.200000000000E+01
     4.032180000000E+05 4.000000000000E+00
> EPH G04 LNAV
G04 2026 04 16 18 00 00 5.356036126614E-05 1.477928890381E-12 0.000000000000E+00
     2.100000000000E+02 2.665625000000E+01 4.749483549340E-09-2.652577049750E+00
     1.335516571999E-06 3.722872701474E-03 4.127621650696E-06 5.153703834534E+03
     4.104000000000E+05-1.117587089539E-08-1.842126926266E+00-3.352761268616E-08
     9.707164271041E-01 3.052500000000E+02-2.869378417951E+00-8.255343868208E-09
     1.928651764659E-10 1.000000000000E+00 2.414000000000E+03 0.000000000000E+00
     2.000000000000E+00 0.000000000000E+00-4.656612873077E-09 2.100000000000E+02
     4.032180000000E+05 4.000000000000E+00
> EPH G08 LNAV
G08 2026 04 16 17 59 28 4.604202695191E-04-6.707523425575E-12 0.000000000000E+00
     5.000000000000E+00 6.662500000000E+01 5.417011354552E-09-2.350253879771E+00
     3.185123205185E-06 1.158793596551E-02 1.562759280205E-06 5.153706403732E+03
     4.103680000000E+05 1.378357410431E-07 1.212442579534E+00-2.160668373108E-07
     9.428216426830E-01 3.414375000000E+02 5.379751826772E-01-8.728935023752E-09
     4.089456056545E-10 1.000000000000E+00 2.414000000000E+03 0.000000000000E+00
     2.000000000000E+00 0.000000000000E+00 4.656612873077E-09 5.000000000000E+00
     4.032180000000E+05 4.000000000000E+00
> EPH G19 LNAV
G19 2026 04 16 18 00 00 6.972537375987E-04 1.136868377216E-12 0.000000000000E+00
     6.600000000000E+01 2.687500000000E+01 5.251647323619E-09-6.189853685051E-01
     1.432374119759E-06 1.134568592533E-02 1.227483153343E-06 5.153726131439E+03
     4.104000000000E+05 9.313225746155E-08 1.361763315457E+00-1.769512891769E-07
     9.575456351963E-01 3.530000000000E+02 2.953236802875E+00-8.855011703924E-09
     2.539391490134E-10 1.000000000000E+00 2.414000000000E+03 0.000000000000E+00
     2.000000000000E+00 0.000000000000E+00-1.536682248116E-08 6.600000000000E+01
     4.032180000000E+05 4.000000000000E+00
> EPH G32 LNAV
G32 2026 04 16 18 00 00 5.624257028103E-06 1.955413608812E-11 0.000000000000E+00
     6.800000000000E+01 3.690625000000E+01 4.742697552390E-09-1.687892333365E+00
     1.952052116394E-06 9.391015162691E-03 4.425644874573E-06 5.153742036819E+03
     4.104000000000E+05 2.235174179077E-07-1.889534979539E+00 4.842877388000E-08
     9.679735610356E-01 2.997812500000E+02-1.981043350773E+00-8.213199255573E-09
     2.550106222160E-10 1.000000000000E+00 2.414000000000E+03 0.000000000000E+00
     2.000000000000E+00 0.000000000000E+00 9.313225746155E-10 6.800000000000E+01
     4.032180000000E+05 4.000000000000E+00
> EPH G03 CNAV
G03 2026 04 16 17 30 00 5.010078893974E-04-1.432809426660E-11 0.000000000000E+00
    -2.060890197754E-03 1.764453125000E+01 3.591756753943E-09 4.194864364024E-01
     8.884817361832E-07 6.699028133880E-03 1.299008727074E-05 5.153605924534E+03
     3.609000000000E+05-1.313164830208E-07-2.911571503280E+00 4.563480615616E-08
     9.942139562705E-01 1.473789062500E+02 1.209091731295E+00-7.583652267322E-09
     2.678683006471E-10 2.393549756758E-14-2.000000000000E+00 2.000000000000E+00
    -2.000000000000E+00 1.000000000000E+00 1.396983861923E-09 7.000000000000E+00
     5.529727786779E-10-2.008164301515E-09 1.862645149231E-09 5.005858838558E-09
     4.032180000000E+05 2.414000000000E+03
> EPH G01 CNAV
G01 2026 04 16 17 30 00 2.962888684124E-04-8.245848448496E-12 0.000000000000E+00
     3.432750701904E-03-1.131132812500E+02 4.716446458926E-09 2.486524458936E+00
    -5.866400897503E-06 1.696473336779E-03 8.164905011654E-06 5.153617218002E+03
     3.447000000000E+05-8.102506399155E-08 2.383379256833E+00 4.749745130539E-08
     9.576338652486E-01 2.192304687500E+02 1.573105032425E-01-8.195106308265E-09
    -4.368039089218E-10-3.060604607003E-14-2.000000000000E+00 3.000000000000E+00
    -1.000000000000E+00 1.000000000000E+00-9.313225746155E-09 7.000000000000E+00
    -2.910383045673E-10 5.937181413174E-09-1.746229827404E-10-2.910383045673E-10
     4.032180000000E+05 2.414000000000E+03
> EPH G14 CNAV
G14 2026 04 16 17 30 00 7.434755098075E-04 1.310951347477E-12 0.000000000000E+00
     4.839420318604E-03 1.124062500000E+02 4.669658795747E-09 3.294892939231E-02
     5.858018994331E-06 6.971428985707E-03 1.217983663082E-05 5.153668997400E+03
     3.717000000000E+05 9.406358003616E-08 2.290488949544E-01 6.053596735001E-08
     9.428467865874E-01 1.358437500000E+02-2.727427650458E+00-8.254751649876E-09
     3.091200189467E-10-4.961492938417E-14-2.000000000000E+00 3.000000000000E+00
    -3.000000000000E+00 1.000000000000E+00-8.381903171539E-09 7.000000000000E+00
    -2.619344741106E-10 5.326000973582E-09-1.076841726899E-09-7.275957614183E-10
     4.032180000000E+05 2.414000000000E+03
> EPH G04 CNAV
G04 2026 04 16 17 30 00 5.355750909075E-05 1.527666881884E-12 0.000000000000E+00
     1.861095428467E-03 2.630859375000E+01 4.754483757618E-09-2.914958977136E+00
     1.316890120506E-06 3.723260888364E-03 4.279427230358E-06 5.153703386848E+03
     3.879000000000E+05-1.210719347000E-08-1.842112052778E+00-2.700835466385E-08
     9.707160964846E-01 3.021757812500E+02-2.869536329718E+00-8.250822914800E-09
     1.905436511936E-10-1.831130961455E-14-2.000000000000E+00 3.000000000000E+00
    -4.000000000000E+00 1.000000000000E+00-4.656612873077E-09 7.000000000000E+00
    -2.037268131971E-10 3.317836672068E-09-1.426087692380E-09-1.396983861923E-09
     4.032180000000E+05 2.414000000000E+03
> EPH G08 CNAV
G08 2026 04 16 17 30 00 4.604324931279E-04-6.721734280291E-12 0.000000000000E+00
     3.394603729248E-03 6.150000000000E+01 5.426297455641E-09-2.608052965383E+00
     3.050081431866E-06 1.158889464568E-02 1.637265086174E-06 5.153705713186E+03
     3.159000000000E+05 3.259629011154E-08 1.212458309561E+00-2.337619662285E-07
     9.428210041192E-01 3.392734375000E+02 5.379018912129E-01-8.693341347469E-09
     3.514432104489E-10-3.965270498674E-14-2.000000000000E+00 3.000000000000E+00
     0.000000000000E+00 1.000000000000E+00 4.656612873077E-09 7.000000000000E+00
    -1.047737896442E-09-4.685716703534E-09 6.257323548198E-09 6.839400157332E-09
     4.032180000000E+05 2.414000000000E+03
> EPH G32 CNAV
G32 2026 04 16 17 30 00 5.589157808572E-06 1.955768880180E-11 0.000000000000E+00
    -1.472949981689E-03 3.510546875000E+01 4.708767567641E-09-1.950426752406E+00
     1.844950020313E-06 9.390446241014E-03 4.527159035206E-06 5.153742441405E+03
     3.537000000000E+05 1.573935151100E-07-1.889520489336E+00-2.700835466385E-08
     9.679732567486E-01 2.978203125000E+02-1.981044899272E+00-8.159747692580E-09
     2.964409193827E-10 1.438745755429E-14-2.000000000000E+00 3.000000000000E+00
    -2.000000000000E+00 1.000000000000E+00 9.313225746155E-10 7.000000000000E+00
    -2.910383045673E-10-1.891748979688E-09 8.614733815193E-09 9.051291272044E-09
     4.032180000000E+05 2.414000000000E+03
> EPH G17 CNAV
G17 2026 04 16 17 30 00-1.142879191320E-04-8.949285756898E-12 0.000000000000E+00
     5.257606506348E-03 4.327343750000E+01 5.123963433644E-09-2.642826801693E+00
     2.411194145679E-06 1.259395049419E-02 8.502975106239E-07 5.153616034443E+03
     3.483000000000E+05 3.725290298462E-09 1.317901728171E+00 1.378357410431E-07
     9.584043447022E-01 3.644804687500E+02-1.115129715823E+00-8.506190694750E-09
     2.825117677491E-10-6.432937461015E-14-2.000000000000E+00 3.000000000000E+00
    -1.000000000000E+00 1.000000000000E+00-1.117587089539E-08 7.000000000000E+00
    -8.440110832453E-10 7.014023140073E-09 0.000000000000E+00 0.000000000000E+00
     4.032360000000E+05 2.414000000000E+03
> EPH R03 FDMA
R03 2026 04 16 15 15 00 1.426469534636E-04 9.094947017729E-13 4.010400000000E+05
    -6.365979492188E+03-3.072841644287E+00-9.313225746155E-10 0.000000000000E+00
     1.024241503906E+04-2.746772766113E-02 1.862645149231E-09 5.000000000000E+00
     2.252189306641E+04-8.629627227783E-01-2.793967723846E-09 0.000000000000E+00
     1.790000000000E+02-2.793967723846E-09 3.000000000000E+00 3.000000000000E+00
> EPH R04 FDMA
R04 2026 04 16 15 45 00 3.495151177049E-04 2.728484105319E-12 4.014000000000E+05
     6.772950683594E+03-3.083396911621E+00-9.313225746155E-10 0.000000000000E+00
     9.718917968750E+03 2.332830429077E-01-0.000000000000E+00 6.000000000000E+00
     2.262607421875E+04 8.230915069580E-01-2.793967723846E-09 0.000000000000E+00
     2.470000000000E+02-2.793967723846E-09 4.000000000000E+00 3.000000000000E+00
> EPH R05 FDMA
R05 2026 04 16 15 45 00 1.665838062763E-04 9.094947017729E-13 4.014000000000E+05
     2.150242724609E+04-1.806085586548E+00-1.862645149231E-09 0.000000000000E+00
     4.076164062500E+03-2.455425262451E-02-2.793967723846E-09 1.000000000000E+00
     1.313171630859E+04 2.966891288757E+00-9.313225746155E-10 0.000000000000E+00
     1.830000000000E+02 2.793967723846E-09 3.000000000000E+00 3.000000000000E+00
> EPH R06 FDMA
R06 2026 04 16 15 45 00 2.526678144932E-05 9.094947017729E-13 4.014000000000E+05
     2.490531396484E+04 4.543046951294E-01-0.000000000000E+00 0.000000000000E+00
    -4.323862792969E+03-2.412881851196E-01-3.725290298462E-09-4.000000000000E+00
    -3.477903320312E+03 3.541924476624E+00 9.313225746155E-10 0.000000000000E+00
     1.830000000000E+02 9.313225746155E-09 0.000000000000E+00 3.000000000000E+00
> EPH R10 FDMA
R10 2026 04 16 15 45 00-4.789568483829E-04-4.547473508865E-12 4.016400000000E+05
     1.105639599609E+04-2.783498764038E-01 2.793967723846E-09 0.000000000000E+00
    -2.289476074219E+04 2.602319717407E-01-5.587935447693E-09-7.000000000000E+00
    -2.557914550781E+03-3.535528182983E+00 1.862645149231E-09 0.000000000000E+00
     1.790000000000E+02 1.024454832077E-08 5.000000000000E+00 3.000000000000E+00
> EPH R11 FDMA
R11 2026 04 16 15 45 00 1.728814095259E-05-1.818989403546E-12 4.014000000000E+05
     1.805324218750E+03 6.561794281006E-01 3.725290298462E-09 0.000000000000E+00
    -2.109366894531E+04-1.837136268616E+00-4.656612873077E-09 0.000000000000E+00
     1.422458300781E+04-2.811696052551E+00-0.000000000000E+00 0.000000000000E+00
     1.830000000000E+02 2.793967723846E-09 7.000000000000E+00 3.000000000000E+00
> EPH R12 FDMA
R12 2026 04 16 15 45 00 6.783194839954E-05 9.094947017729E-13 4.014600000000E+05
    -9.263682128906E+03 1.245306015015E+00 1.862645149231E-09 0.000000000000E+00
    -6.265761230469E+03-2.876915931702E+00-9.313225746155E-10-1.000000000000E+00
     2.295082275391E+04-2.824401855469E-01-2.793967723846E-09 0.000000000000E+00
     1.790000000000E+02 7.450580596924E-09 1.000000000000E+00 3.000000000000E+00
> EPH R19 FDMA
R19 2026 04 16 15 45 00 4.289299249649E-05 1.818989403546E-12 4.014000000000E+05
     1.690422851562E+04 8.803081512451E-01-2.793967723846E-09 0.000000000000E+00
     1.621233837891E+04 1.065581321716E+00 0.000000000000E+00 3.000000000000E+00
     1.003049218750E+04-3.207633972168E+00-9.313225746155E-10 0.000000000000E+00
     2.470000000000E+02 1.862645149231E-09 5.000000000000E+00 3.000000000000E+00
> EPH R20 FDMA
R20 2026 04 16 15 45 00 2.310406416655E-04 9.094947017729E-13 4.014000000000E+05
     1.309609277344E+04 1.715143203735E+00-0.000000000000E+00 2.000000000000E+00
     8.894589843750E+02 2.453418731689E+00-2.793967723846E-09 2.000000000000E+00
     2.189504248047E+04-1.122436523438E+00-1.862645149231E-09 0.000000000000E+00
     1.830000000000E+02 1.862645149231E-09 3.000000000000E+00 3.000000000000E+00
> EPH R21 FDMA
R21 2026 04 16 15 45 00-2.991817891598E-04-3.637978807092E-12 4.014000000000E+05
     2.800537597656E+03 1.647101402283E+00 1.862645149231E-09 0.000000000000E+00
    -1.328556347656E+04 2.460383415222E+00-3.725290298462E-09 4.000000000000E+00
     2.159334912109E+04 1.297299385071E+00-1.862645149231E-09 0.000000000000E+00
     1.830000000000E+02 9.313225746155E-10 3.000000000000E+00 3.000000000000E+00
> EPH R05 FDMA
R05 2026 04 16 15 45 00 1.665838062763E-04 9.094947017729E-13 4.023300000000E+05
     2.150242724609E+04-1.806085586548E+00-1.862645149231E-09 0.000000000000E+00
     4.076164062500E+03-2.455425262451E-02-2.793967723846E-09 1.000000000000E+00
     1.313171630859E+04 2.966891288757E+00-9.313225746155E-10 0.000000000000E+00
     1.790000000000E+02 2.793967723846E-09 3.000000000000E+00 3.000000000000E+00
> EPH R20 FDMA
R20 2026 04 16 15 45 00 2.310406416655E-04 9.094947017729E-13 4.023300000000E+05
     1.309609277344E+04 1.715143203735E+00-0.000000000000E+00 2.000000000000E+00
     8.894589843750E+02 2.453418731689E+00-2.793967723846E-09 2.000000000000E+00
     2.189504248047E+04-1.122436523438E+00-1.862645149231E-09 0.000000000000E+00
     1.790000000000E+02 1.862645149231E-09 3.000000000000E+00 3.000000000000E+00
> EPH R04 FDMA
R04 2026 04 16 15 45 00 3.495151177049E-04 2.728484105319E-12 4.023300000000E+05
     6.772950683594E+03-3.083396911621E+00-9.313225746155E-10 0.000000000000E+00
     9.718917968750E+03 2.332830429077E-01-0.000000000000E+00 6.000000000000E+00
     2.262607421875E+04 8.230915069580E-01-2.793967723846E-09 0.000000000000E+00
     2.430000000000E+02-2.793967723846E-09 4.000000000000E+00 3.000000000000E+00
> EPH R21 FDMA
R21 2026 04 16 15 45 00-2.991817891598E-04-3.637978807092E-12 4.023300000000E+05
     2.800537597656E+03 1.647101402283E+00 1.862645149231E-09 0.000000000000E+00
    -1.328556347656E+04 2.460383415222E+00-3.725290298462E-09 4.000000000000E+00
     2.159334912109E+04 1.297299385071E+00-1.862645149231E-09 0.000000000000E+00
     1.790000000000E+02 9.313225746155E-10 3.000000000000E+00 3.000000000000E+00
> EPH R19 FDMA
R19 2026 04 16 15 45 00 4.289299249649E-05 1.818989403546E-12 4.023300000000E+05
     1.690422851562E+04 8.803081512451E-01-2.793967723846E-09 0.000000000000E+00
     1.621233837891E+04 1.065581321716E+00 0.000000000000E+00 3.000000000000E+00
     1.003049218750E+04-3.207633972168E+00-9.313225746155E-10 0.000000000000E+00
     2.430000000000E+02 1.862645149231E-09 5.000000000000E+00 3.000000000000E+00
> EPH R06 FDMA
R06 2026 04 16 15 45 00 2.526678144932E-05 9.094947017729E-13 4.023300000000E+05
     2.490531396484E+04 4.543046951294E-01-0.000000000000E+00 0.000000000000E+00
    -4.323862792969E+03-2.412881851196E-01-3.725290298462E-09-4.000000000000E+00
    -3.477903320312E+03 3.541924476624E+00 9.313225746155E-10 0.000000000000E+00
     1.790000000000E+02 9.313225746155E-09 0.000000000000E+00 3.000000000000E+00
> EPH R11 FDMA
R11 2026 04 16 15 45 00 1.728814095259E-05-1.818989403546E-12 4.023300000000E+05
     1.805324218750E+03 6.561794281006E-01 3.725290298462E-09 0.000000000000E+00
    -2.109366894531E+04-1.837136268616E+00-4.656612873077E-09 0.000000000000E+00
     1.422458300781E+04-2.811696052551E+00-0.000000000000E+00 0.000000000000E+00
     1.790000000000E+02 2.793967723846E-09 7.000000000000E+00 3.000000000000E+00
> EPH R12 FDMA
R12 2026 04 16 15 45 00 6.783194839954E-05 9.094947017729E-13 4.023300000000E+05
    -9.263682128906E+03 1.245306015015E+00 1.862645149231E-09 0.000000000000E+00
    -6.265761230469E+03-2.876915931702E+00-9.313225746155E-10-1.000000000000E+00
     2.295082275391E+04-2.824401855469E-01-2.793967723846E-09 0.000000000000E+00
     1.790000000000E+02 7.450580596924E-09 1.000000000000E+00 3.000000000000E+00
> STO R05 LNAV
    2026 04 16 00 00 00 GLUT                                  UTC(SU)           
     4.024480000000E+05-0.000000000000E+00 0.000000000000E+00 0.000000000000E+00
> STO R05 LNAV
    2026 04 16 00 00 00 GLGP                                                    
     4.024480000000E+05 2.793967723846E-09 0.000000000000E+00 0.000000000000E+00
> EPH R05 FDMA
R05 2026 04 16 16 15 00 1.665856689215E-04 9.094947017729E-13 4.032000000000E+05
     1.766177148438E+04-2.421293258667E+00-1.862645149231E-09 0.000000000000E+00
     4.387375976562E+03 3.956098556519E-01-9.313225746155E-10 1.000000000000E+00
     1.789647558594E+04 2.292998313904E+00-1.862645149231E-09 0.000000000000E+00
     2.470000000000E+02 2.793967723846E-09 3.000000000000E+00 3.000000000000E+00
> EPH R20 FDMA
R20 2026 04 16 16 15 00 2.310425043106E-04 9.094947017729E-13 4.032000000000E+05
     1.629453369141E+04 1.796003341675E+00-1.862645149231E-09 2.000000000000E+00
     4.820067871094E+03 1.888367652893E+00-9.313225746155E-10 2.000000000000E+00
     1.905650781250E+04-2.011010169983E+00-1.862645149231E-09 0.000000000000E+00
     2.470000000000E+02 1.862645149231E-09 3.000000000000E+00 3.000000000000E+00
> EPH R21 FDMA
R21 2026 04 16 16 15 00-2.991883084178E-04-3.637978807092E-12 4.032000000000E+05
     6.224951660156E+03 2.132996559143E+00 0.000000000000E+00 0.000000000000E+00
    -8.929253417969E+03 2.334178924561E+00-3.725290298462E-09 4.000000000000E+00
     2.306347753906E+04 3.254947662354E-01-1.862645149231E-09 0.000000000000E+00
     2.470000000000E+02 9.313225746155E-10 3.000000000000E+00 3.000000000000E+00
> EPH R06 FDMA
R06 2026 04 16 16 15 00 2.526771277189E-05 9.094947017729E-13 4.032000000000E+05
     2.491535107422E+04-4.365625381470E-01-9.313225746155E-10 0.000000000000E+00
    -4.659808593750E+03-9.100532531738E-02-2.793967723846E-09-4.000000000000E+00
     2.949604980469E+03 3.553417205811E+00 0.000000000000E+00 0.000000000000E+00
     2.470000000000E+02 9.313225746155E-09 0.000000000000E+00 3.000000000000E+00
> EPH R04 FDMA
R04 2026 04 16 16 15 00 3.495197743177E-04 2.728484105319E-12 4.032000000000E+05
     1.168312500000E+03-3.091564178467E+00-0.000000000000E+00 0.000000000000E+00
     1.057485546875E+04 7.133255004883E-01 9.313225746155E-10 6.000000000000E+00
     2.321726318359E+04-1.704730987549E-01-2.793967723846E-09 0.000000000000E+00
     1.830000000000E+02-2.793967723846E-09 4.000000000000E+00 3.000000000000E+00
> EPH R19 FDMA
R19 2026 04 16 16 15 00 4.289578646421E-05 1.818989403546E-12 4.032000000000E+05
     1.815101220703E+04 4.648380279541E-01-2.793967723846E-09 0.000000000000E+00
     1.744114257812E+04 3.110437393188E-01 9.313225746155E-10 3.000000000000E+00
     3.942476074219E+03-3.512751579285E+00-9.313225746155E-10 0.000000000000E+00
     1.830000000000E+02 1.862645149231E-09 5.000000000000E+00 3.000000000000E+00
> EPH R11 FDMA
R11 2026 04 16 16 15 00 1.728441566229E-05-1.818989403546E-12 4.032000000000E+05
     2.535227539062E+03 1.793966293335E-01 2.793967723846E-09 0.000000000000E+00
    -2.384510498047E+04-1.183518409729E+00-6.519258022308E-09 0.000000000000E+00
     8.678772460938E+03-3.310325622559E+00 0.000000000000E+00 0.000000000000E+00
     2.470000000000E+02 2.793967723846E-09 7.000000000000E+00 3.000000000000E+00
> EPH R12 FDMA
R12 2026 04 16 16 15 00 6.783381104469E-05 9.094947017729E-13 4.032000000000E+05
    -7.446123535156E+03 7.654457092285E-01 2.793967723846E-09 0.000000000000E+00
    -1.146031298828E+04-2.844650268555E+00-2.793967723846E-09-1.000000000000E+00
     2.156424609375E+04-1.248238563538E+00-1.862645149231E-09 0.000000000000E+00
     2.470000000000E+02 7.450580596924E-09 1.000000000000E+00 3.000000000000E+00
> EPH E03 INAV
E03 2026 04 16 14 40 00-1.158897066489E-05-2.188471626141E-12 0.000000000000E+00
     2.900000000000E+01 1.043750000000E+01 3.564077029543E-09 1.047943459966E-01
     5.532056093216E-07 4.256602842361E-04 2.125278115273E-06 5.440599720001E+03
     3.984000000000E+05 1.490116119385E-08-1.699428214841E+00 2.421438694000E-08
     9.673217154608E-01 2.976562500000E+02 7.509933116001E-02-6.019536452141E-09
     8.571785620706E-11 5.170000000000E+02 2.414000000000E+03
     3.120000000000E+00 0.000000000000E+00 2.328306436539E-10 4.656612873077E-10
     4.009470000000E+05
> EPH E05 INAV
E05 2026 04 16 15 20 00 2.761685755104E-05 2.799538378895E-12 0.000000000000E+00
     3.300000000000E+01 1.340625000000E+01 3.576220392505E-09 1.877624219454E+00
     7.003545761108E-07 3.485829802230E-04 2.328306436539E-06 5.440601142883E+03
     4.008000000000E+05-1.862645149231E-09-1.699432128147E+00-2.235174179077E-08
     9.673354478728E-01 2.967812500000E+02-6.174946666857E-01-6.021679398546E-09
     7.964617472573E-11 5.170000000000E+02 2.414000000000E+03
     3.600000000000E+00 0.000000000000E+00 1.164153218269E-09 1.164153218269E-09
     4.014650000000E+05
> EPH E08 INAV
E08 2026 04 16 15 20 00-1.285185571760E-04-7.048583938740E-12 0.000000000000E+00
     3.300000000000E+01 6.218750000000E+00 3.560862609935E-09-1.571499618810E-01
     3.203749656677E-07 4.276219988242E-04 2.283602952957E-06 5.440600914001E+03
     4.008000000000E+05 2.980232238770E-08-1.696602067772E+00-9.313225746155E-09
     9.730821689839E-01 2.963125000000E+02-1.529772279784E-01-6.001321407697E-09
     5.143071372424E-11 5.170000000000E+02 2.414000000000E+03
     3.120000000000E+00 0.000000000000E+00-6.519258022308E-09-7.217749953270E-09
     4.014930000000E+05
> EPH E13 INAV
E13 2026 04 16 15 20 00-5.264888750389E-05-8.810729923425E-13 0.000000000000E+00
     3.300000000000E+01-1.804375000000E+02 2.569392739807E-09 1.032381927834E+00
    -8.216127753258E-06 3.113036509603E-04 1.137144863605E-05 5.440614328384E+03
     4.008000000000E+05 1.322478055954E-07 2.501681318668E+00 5.401670932770E-08
     9.981712652455E-01 1.108750000000E+02-6.723983742627E-02-5.446655446490E-09
    -5.871673150184E-10 5.170000000000E+02 2.414000000000E+03
     3.600000000000E+00 0.000000000000E+00 3.026798367500E-09 2.793967723846E-09
     4.014650000000E+05
> EPH E15 INAV
E15 2026 04 16 14 40 00-2.510452177376E-04-2.941646926047E-12 0.000000000000E+00
     2.900000000000E+01-1.630625000000E+02 2.580821787301E-09 1.738304472822E+00
    -7.580965757370E-06 3.210096620023E-04 1.094676554203E-05 5.440607999802E+03
     3.984000000000E+05 5.587935447693E-09 2.501604464267E+00 1.173466444016E-07
     9.981280623488E-01 1.234062500000E+02-2.684827807341E-01-5.376652530588E-09
    -5.410939673071E-10 5.170000000000E+02 2.414000000000E+03
     3.120000000000E+00 0.000000000000E+00 3.026798367500E-09 3.026798367500E-09
     4.009530000000E+05
> EPH E18 INAV
E18 2026 04 16 15 20 00 2.676061820239E-03 4.250466645317E-11 0.000000000000E+00
     3.300000000000E+01 2.562500000000E+00 7.971760627257E-09-6.743471215844E-01
     1.601874828339E-07 1.661313109798E-01-2.020969986916E-06 5.289312328339E+03
     4.008000000000E+05 2.192333340645E-06 1.323048709924E+00-1.225620508194E-06
     8.539257169080E-01 3.253750000000E+02 3.086497868431E+00-1.132832901323E-08
     5.907388923603E-10 5.170000000000E+02 2.414000000000E+03
     3.120000000000E+00 1.300000000000E+02-3.958120942116E-09-4.656612873077E-09
     4.014650000000E+05
> EPH E21 INAV
E21 2026 04 16 13 50 00-7.356085116044E-04-2.742694960034E-12 0.000000000000E+00
     2.400000000000E+01 1.872812500000E+02 3.014411276615E-09-1.254963791536E-01
     8.698552846909E-06 9.190663695335E-05 1.251325011253E-05 5.440618572235E+03
     3.954000000000E+05 6.332993507385E-08 4.022459256260E-01 2.421438694000E-08
     9.620942512702E-01 6.784375000000E+01 1.750691576588E+00-5.617734001170E-09
     5.218074496605E-10 5.170000000000E+02 2.414000000000E+03
     3.600000000000E+00 0.000000000000E+00 2.328306436539E-10 0.000000000000E+00
     4.009550000000E+05
> EPH E23 INAV
E23 2026 04 16 14 00 00-3.184785600752E-05-1.278976924368E-12 0.000000000000E+00
     2.500000000000E+01 1.729687500000E+02 2.904049536748E-09-1.387469047781E+00
     7.843598723412E-06 2.704834332690E-04 1.312606036663E-05 5.440626619339E+03
     3.960000000000E+05 7.450580596924E-08 3.989131158982E-01-2.421438694000E-08
     9.640208280684E-01 5.784375000000E+01 2.297283696390E+00-5.581303912282E-09
     5.046638784191E-10 5.170000000000E+02 2.414000000000E+03
     3.120000000000E+00 0.000000000000E+00-4.656612873077E-10 6.984919309616E-10
     4.010070000000E+05
> EPH E26 INAV
E26 2026 04 16 15 20 00 2.777935587801E-04 1.080024958355E-11 0.000000000000E+00
     3.300000000000E+01-1.958750000000E+02 2.665825328040E-09 5.865607738221E-01
    -9.028241038322E-06 1.993009354919E-04 1.091696321964E-05 5.440608667374E+03
     4.008000000000E+05 3.352761268616E-08 2.498640586387E+00-5.215406417847E-08
     9.914557003038E-01 1.143125000000E+02-4.040170483603E-01-5.484157008581E-09
    -6.560987577182E-10 5.170000000000E+02 2.414000000000E+03
     3.120000000000E+00 0.000000000000E+00-6.519258022308E-09-7.217749953270E-09
     4.015440000000E+05
> EPH E27 INAV
E27 2026 04 16 15 20 00-9.629019186832E-04-1.051603248925E-11 0.000000000000E+00
     3.300000000000E+01 2.023437500000E+02 2.941908256573E-09 2.635492865668E+00
     9.363517165184E-06 1.498336205259E-04 1.151673495770E-05 5.440622545242E+03
     4.008000000000E+05 5.401670932770E-08 4.021771553100E-01 4.842877388000E-08
     9.620690539692E-01 9.740625000000E+01 4.584002921093E-01-5.584518331890E-09
     5.196645032553E-10 5.170000000000E+02 2.414000000000E+03
    -1.000000000000E+00 0.000000000000E+00 0.000000000000E+00-2.328306436539E-10
     4.014650000000E+05
> EPH E32 INAV
E32 2026 04 16 14 40 00-1.344643533230E-05-2.216893335572E-12 0.000000000000E+00
     2.900000000000E+01 2.281250000000E+00 3.953378959816E-09 6.565404417618E-01
     1.806765794754E-07 2.208120422438E-04 1.881271600723E-06 5.440594184875E+03
     3.984000000000E+05 2.793967723846E-08-1.680229763034E+00-1.117587089539E-08
     9.470676000241E-01 2.929375000000E+02-9.059891368498E-01-6.226687937975E-09
     5.285934466102E-11 5.170000000000E+02 2.414000000000E+03
     3.120000000000E+00 3.900000000000E+02-3.492459654808E-09-2.561137080193E-09
     4.009550000000E+05
> EPH E34 INAV
E34 2026 04 16 14 00 00-2.482903655618E-04-2.344791028008E-12 0.000000000000E+00
     2.500000000000E+01-1.596562500000E+02 2.498675508436E-09 4.982773659952E-01
    -7.612630724907E-06 1.202060375363E-04 1.114606857300E-05 5.440607709885E+03
     3.960000000000E+05-3.539025783539E-08 2.499782670439E+00 3.725290298462E-08
     9.979796668646E-01 1.200625000000E+02 1.456651548252E+00-5.309506876559E-09
    -5.643092200298E-10 5.170000000000E+02 2.414000000000E+03
     3.120000000000E+00 0.000000000000E+00 2.793967723846E-09 3.492459654808E-09
     4.009770000000E+05
> EPH E03 FNAV
E03 2026 04 16 14 40 00-1.159001840279E-05-2.188471626141E-12 0.000000000000E+00
     2.900000000000E+01 1.043750000000E+01 3.564077029543E-09 1.047943459966E-01
     5.532056093216E-07 4.256602842361E-04 2.125278115273E-06 5.440599720001E+03
     3.984000000000E+05 1.490116119385E-08-1.699428214841E+00 2.421438694000E-08
     9.673217154608E-01 2.976562500000E+02 7.509933116001E-02-6.019536452141E-09
     8.571785620706E-11 2.580000000000E+02 2.414000000000E+03
     3.120000000000E+00 0.000000000000E+00 2.328306436539E-10 0.000000000000E+00
     4.009900000000E+05
> EPH E05 FNAV
E05 2026 04 16 15 20 00 2.761592622846E-05 2.799538378895E-12 0.000000000000E+00
     3.300000000000E+01 1.340625000000E+01 3.576220392505E-09 1.877624219454E+00
     7.003545761108E-07 3.485829802230E-04 2.328306436539E-06 5.440601142883E+03
     4.008000000000E+05-1.862645149231E-09-1.699432128147E+00-2.235174179077E-08
     9.673354478728E-01 2.967812500000E+02-6.174946666857E-01-6.021679398546E-09
     7.964617472573E-11 2.580000000000E+02 2.414000000000E+03
     3.600000000000E+00 0.000000000000E+00 1.164153218269E-09 0.000000000000E+00
     4.015900000000E+05
> EPH E08 FNAV
E08 2026 04 16 15 20 00-1.285186153837E-04-7.048583938740E-12 0.000000000000E+00
     3.300000000000E+01 6.218750000000E+00 3.560862609935E-09-1.571499618810E-01
     3.203749656677E-07 4.276219988242E-04 2.283602952957E-06 5.440600914001E+03
     4.008000000000E+05 2.980232238770E-08-1.696602067772E+00-9.313225746155E-09
     9.730821689839E-01 2.963125000000E+02-1.529772279784E-01-6.001321407697E-09
     5.143071372424E-11 2.580000000000E+02 2.414000000000E+03
     3.120000000000E+00 0.000000000000E+00-6.519258022308E-09 0.000000000000E+00
     4.015400000000E+05
> EPH E13 FNAV
E13 2026 04 16 15 20 00-5.264964420348E-05-8.810729923425E-13 0.000000000000E+00
     3.300000000000E+01-1.804375000000E+02 2.569392739807E-09 1.032381927834E+00
    -8.216127753258E-06 3.113036509603E-04 1.137144863605E-05 5.440614328384E+03
     4.008000000000E+05 1.322478055954E-07 2.501681318668E+00 5.401670932770E-08
     9.981712652455E-01 1.108750000000E+02-6.723983742627E-02-5.446655446490E-09
    -5.871673150184E-10 2.580000000000E+02 2.414000000000E+03
     3.600000000000E+00 0.000000000000E+00 3.026798367500E-09 0.000000000000E+00
     4.015400000000E+05
> EPH E15 FNAV
E15 2026 04 16 14 40 00-2.510463236831E-04-2.941646926047E-12 0.000000000000E+00
     2.900000000000E+01-1.630625000000E+02 2.580821787301E-09 1.738304472822E+00
    -7.580965757370E-06 3.210096620023E-04 1.094676554203E-05 5.440607999802E+03
     3.984000000000E+05 5.587935447693E-09 2.501604464267E+00 1.173466444016E-07
     9.981280623488E-01 1.234062500000E+02-2.684827807341E-01-5.376652530588E-09
    -5.410939673071E-10 2.580000000000E+02 2.414000000000E+03
     3.120000000000E+00 0.000000000000E+00 3.026798367500E-09 0.000000000000E+00
     4.009900000000E+05
> EPH E18 FNAV
E18 2026 04 16 15 20 00 2.676061936654E-03 4.250466645317E-11 0.000000000000E+00
     3.300000000000E+01 2.562500000000E+00 7.971760627257E-09-6.743471215844E-01
     1.601874828339E-07 1.661313109798E-01-2.020969986916E-06 5.289312328339E+03
     4.008000000000E+05 2.192333340645E-06 1.323048709924E+00-1.225620508194E-06
     8.539257169080E-01 3.253750000000E+02 3.086497868431E+00-1.132832901323E-08
     5.907388923603E-10 2.580000000000E+02 2.414000000000E+03
     3.120000000000E+00 1.600000000000E+01-3.958120942116E-09 0.000000000000E+00
     4.015400000000E+05
> EPH E21 FNAV
E21 2026 04 16 13 50 00-7.356092100963E-04-2.742694960034E-12 0.000000000000E+00
     2.400000000000E+01 1.872812500000E+02 3.014411276615E-09-1.254963791536E-01
     8.698552846909E-06 9.190663695335E-05 1.251325011253E-05 5.440618572235E+03
     3.954000000000E+05 6.332993507385E-08 4.022459256260E-01 2.421438694000E-08
     9.620942512702E-01 6.784375000000E+01 1.750691576588E+00-5.617734001170E-09
     5.218074496605E-10 2.580000000000E+02 2.414000000000E+03
     3.600000000000E+00 0.000000000000E+00 2.328306436539E-10 0.000000000000E+00
     4.010200000000E+05
> EPH E23 FNAV
E23 2026 04 16 14 00 00-3.184971865267E-05-1.278976924368E-12 0.000000000000E+00
     2.500000000000E+01 1.729687500000E+02 2.904049536748E-09-1.387469047781E+00
     7.843598723412E-06 2.704834332690E-04 1.312606036663E-05 5.440626619339E+03
     3.960000000000E+05 7.450580596924E-08 3.989131158982E-01-2.421438694000E-08
     9.640208280684E-01 5.784375000000E+01 2.297283696390E+00-5.581303912282E-09
     5.046638784191E-10 2.580000000000E+02 2.414000000000E+03
     3.120000000000E+00 0.000000000000E+00-4.656612873077E-10 0.000000000000E+00
     4.010900000000E+05
> EPH E26 FNAV
E26 2026 04 16 15 20 00 2.777934423648E-04 1.080024958355E-11 0.000000000000E+00
     3.300000000000E+01-1.958750000000E+02 2.665825328040E-09 5.865607738221E-01
    -9.028241038322E-06 1.993009354919E-04 1.091696321964E-05 5.440608667374E+03
     4.008000000000E+05 3.352761268616E-08 2.498640586387E+00-5.215406417847E-08
     9.914557003038E-01 1.143125000000E+02-4.040170483603E-01-5.484157008581E-09
    -6.560987577182E-10 2.580000000000E+02 2.414000000000E+03
     3.120000000000E+00 0.000000000000E+00-6.519258022308E-09 0.000000000000E+00
     4.015800000000E+05
> EPH E27 FNAV
E27 2026 04 16 15 20 00-9.629026753828E-04-1.051603248925E-11 0.000000000000E+00
     3.300000000000E+01 2.023437500000E+02 2.941908256573E-09 2.635492865668E+00
     9.363517165184E-06 1.498336205259E-04 1.151673495770E-05 5.440622545242E+03
     4.008000000000E+05 5.401670932770E-08 4.021771553100E-01 4.842877388000E-08
     9.620690539692E-01 9.740625000000E+01 4.584002921093E-01-5.584518331890E-09
     5.196645032553E-10 2.580000000000E+02 2.414000000000E+03
    -1.000000000000E+00 0.000000000000E+00 0.000000000000E+00 0.000000000000E+00
     4.015400000000E+05
> EPH E32 FNAV
E32 2026 04 16 14 40 00-1.344789052382E-05-2.216893335572E-12 0.000000000000E+00
     2.900000000000E+01 2.281250000000E+00 3.953378959816E-09 6.565404417618E-01
     1.806765794754E-07 2.208120422438E-04 1.881271600723E-06 5.440594184875E+03
     3.984000000000E+05 2.793967723846E-08-1.680229763034E+00-1.117587089539E-08
     9.470676000241E-01 2.929375000000E+02-9.059891368498E-01-6.226687937975E-09
     5.285934466102E-11 2.580000000000E+02 2.414000000000E+03
     3.120000000000E+00 4.800000000000E+01-3.492459654808E-09 0.000000000000E+00
     4.009900000000E+05
> EPH E34 FNAV
E34 2026 04 16 14 00 00-2.482919953763E-04-2.344791028008E-12 0.000000000000E+00
     2.500000000000E+01-1.596562500000E+02 2.498675508436E-09 4.982773659952E-01
    -7.612630724907E-06 1.202060375363E-04 1.114606857300E-05 5.440607709885E+03
     3.960000000000E+05-3.539025783539E-08 2.499782670439E+00 3.725290298462E-08
     9.979796668646E-01 1.200625000000E+02 1.456651548252E+00-5.309506876559E-09
    -5.643092200298E-10 2.580000000000E+02 2.414000000000E+03
     3.120000000000E+00 0.000000000000E+00 2.793967723846E-09 0.000000000000E+00
     4.009900000000E+05
> ION E15 IFNV
    2026 04 16 15 22 27 7.125000000000E+01 1.601562500000E-01 1.470947265625E-02
     0.000000000000E+00
> EPH E27 INAV
E27 2026 04 16 15 30 00-9.629081469029E-04-1.051603248925E-11 0.000000000000E+00
     3.400000000000E+01 2.016250000000E+02 2.936550890560E-09 2.709787293449E+00
     9.313225746155E-06 1.499286154285E-04 1.153536140919E-05 5.440622354507E+03
     4.014000000000E+05 4.842877388000E-08 4.021738066905E-01 5.960464477539E-08
     9.620694153099E-01 9.712500000000E+01 4.584906872803E-01-5.577732334940E-09
     5.153786104449E-10 5.170000000000E+02 2.414000000000E+03
    -1.000000000000E+00 0.000000000000E+00 0.000000000000E+00-2.328306436539E-10
     4.023210000000E+05
> STO E27 IFNV
    2026 04 16 00 00 00 GAUT                                  UTCGAL            
     4.023370000000E+05 0.000000000000E+00 0.000000000000E+00 0.000000000000E+00
> STO E27 IFNV
    2026 04 17 00 00 00 GAGP                                                    
     4.023400000000E+05 2.735760062933E-09-1.554312234475E-14 0.000000000000E+00
> EPH E18 INAV
E18 2026 04 16 15 30 00 2.676087140571E-03 4.249045559845E-11 0.000000000000E+00
     3.400000000000E+01 1.071875000000E+01 8.448566202408E-09-5.933991785319E-01
     5.681067705154E-07 1.661285853479E-01-1.767650246620E-06 5.289304473877E+03
     4.014000000000E+05 2.125278115273E-06 1.323045361304E+00-6.705522537231E-07
     8.539244178367E-01 3.192500000000E+02 3.086501831476E+00-1.206478826114E-08
     3.371569010811E-10 5.170000000000E+02 2.414000000000E+03
     3.120000000000E+00 1.300000000000E+02-3.958120942116E-09-4.656612873077E-09
     4.023550000000E+05
> EPH E08 INAV
E08 2026 04 16 15 30 00-1.285226317123E-04-7.034373084025E-12 0.000000000000E+00
     3.400000000000E+01 6.781250000000E+00 3.555862401656E-09-8.288268878524E-02
     3.445893526077E-07 4.277061671019E-04 2.259388566017E-06 5.440601108551E+03
     4.014000000000E+05 3.166496753693E-08-1.696605673865E+00-3.725290298462E-09
     9.730822216490E-01 2.968750000000E+02-1.528582766465E-01-5.997749830355E-09
     5.035924052165E-11 5.170000000000E+02 2.414000000000E+03
     3.120000000000E+00 0.000000000000E+00-6.519258022308E-09-7.217749953270E-09
     4.023570000000E+05
> EPH E13 INAV
E13 2026 04 16 15 30 00-5.264929495752E-05-8.810729923425E-13 0.000000000000E+00
     3.400000000000E+01-1.798437500000E+02 2.584036206909E-09 1.107963019861E+00
    -8.195638656616E-06 3.113645361736E-04 1.125968992710E-05 5.440613586426E+03
     4.014000000000E+05 1.247972249985E-07 2.501677975901E+00 7.450580596924E-08
     9.981708541655E-01 1.139375000000E+02-6.843623231234E-02-5.445226815553E-09
    -5.750239520557E-10 5.170000000000E+02 2.414000000000E+03
     3.600000000000E+00 0.000000000000E+00 3.026798367500E-09 2.793967723846E-09
     4.023570000000E+05
> EPH E05 INAV
E05 2026 04 16 15 30 00 2.761848736554E-05 2.799538378895E-12 0.000000000000E+00
     3.400000000000E+01 1.400000000000E+01 3.583720704924E-09 1.952161924660E+00
     7.115304470062E-07 3.486669156700E-04 2.317130565643E-06 5.440600948334E+03
     4.014000000000E+05 1.862645149231E-09-1.699435721073E+00-2.421438694000E-08
     9.673355034637E-01 2.973750000000E+02-6.176463508097E-01-6.022750871749E-09
     7.786038605475E-11 5.170000000000E+02 2.414000000000E+03
     3.600000000000E+00 0.000000000000E+00 1.164153218269E-09 1.164153218269E-09
     4.023570000000E+05
> EPH E26 INAV
E26 2026 04 16 15 30 00 2.777999616228E-04 1.080024958355E-11 0.000000000000E+00
     3.400000000000E+01-1.930312500000E+02 2.662968066166E-09 6.592274331372E-01
    -8.882954716682E-06 1.993990736082E-04 1.094862818718E-05 5.440609371185E+03
     4.014000000000E+05 4.284083843231E-08 2.498637284581E+00-5.587935447693E-08
     9.914552658171E-01 1.136875000000E+02-4.022981444868E-01-5.488800059125E-09
    -6.514557071737E-10 5.170000000000E+02 2.414000000000E+03
     3.120000000000E+00 0.000000000000E+00-6.519258022308E-09-7.217749953270E-09
     4.023570000000E+05
> EPH E27 FNAV
E27 2026 04 16 15 30 00-9.629089036025E-04-1.051603248925E-11 0.000000000000E+00
     3.400000000000E+01 2.016250000000E+02 2.936550890560E-09 2.709787293449E+00
     9.313225746155E-06 1.499286154285E-04 1.153536140919E-05 5.440622354507E+03
     4.014000000000E+05 4.842877388000E-08 4.021738066905E-01 5.960464477539E-08
     9.620694153099E-01 9.712500000000E+01 4.584906872803E-01-5.577732334940E-09
     5.153786104449E-10 2.580000000000E+02 2.414000000000E+03
    -1.000000000000E+00 0.000000000000E+00 0.000000000000E+00 0.000000000000E+00
     4.023600000000E+05
> EPH E18 FNAV
E18 2026 04 16 15 30 00 2.676087198779E-03 4.250466645317E-11 0.000000000000E+00
     3.400000000000E+01 1.071875000000E+01 8.448566202408E-09-5.933991785319E-01
     5.681067705154E-07 1.661285853479E-01-1.767650246620E-06 5.289304473877E+03
     4.014000000000E+05 2.125278115273E-06 1.323045361304E+00-6.705522537231E-07
     8.539244178367E-01 3.192500000000E+02 3.086501831476E+00-1.206478826114E-08
     3.371569010811E-10 2.580000000000E+02 2.414000000000E+03
     3.120000000000E+00 1.600000000000E+01-3.958120942116E-09 0.000000000000E+00
     4.023900000000E+05
> EPH E13 FNAV
E13 2026 04 16 15 30 00-5.265005165711E-05-8.810729923425E-13 0.000000000000E+00
     3.400000000000E+01-1.798437500000E+02 2.584036206909E-09 1.107963019861E+00
    -8.195638656616E-06 3.113645361736E-04 1.125968992710E-05 5.440613586426E+03
     4.014000000000E+05 1.247972249985E-07 2.501677975901E+00 7.450580596924E-08
     9.981708541655E-01 1.139375000000E+02-6.843623231234E-02-5.445226815553E-09
    -5.750239520557E-10 2.580000000000E+02 2.414000000000E+03
     3.600000000000E+00 0.000000000000E+00 3.026798367500E-09 0.000000000000E+00
     4.023900000000E+05
> EPH E08 FNAV
E08 2026 04 16 15 30 00-1.285227481276E-04-7.034373084025E-12 0.000000000000E+00
     3.400000000000E+01 6.781250000000E+00 3.555862401656E-09-8.288268878524E-02
     3.445893526077E-07 4.277061671019E-04 2.259388566017E-06 5.440601108551E+03
     4.014000000000E+05 3.166496753693E-08-1.696605673865E+00-3.725290298462E-09
     9.730822216490E-01 2.968750000000E+02-1.528582766465E-01-5.997749830355E-09
     5.035924052165E-11 2.580000000000E+02 2.414000000000E+03
     3.120000000000E+00 0.000000000000E+00-6.519258022308E-09 0.000000000000E+00
     4.023900000000E+05
> EPH E05 FNAV
E05 2026 04 16 15 30 00 2.761755604297E-05 2.799538378895E-12 0.000000000000E+00
     3.400000000000E+01 1.400000000000E+01 3.583720704924E-09 1.952161924660E+00
     7.115304470062E-07 3.486669156700E-04 2.317130565643E-06 5.440600948334E+03
     4.014000000000E+05 1.862645149231E-09-1.699435721073E+00-2.421438694000E-08
     9.673355034637E-01 2.973750000000E+02-6.176463508097E-01-6.022750871749E-09
     7.786038605475E-11 2.580000000000E+02 2.414000000000E+03
     3.600000000000E+00 0.000000000000E+00 1.164153218269E-09 0.000000000000E+00
     4.023900000000E+05
> EPH E26 FNAV
E26 2026 04 16 15 30 00 2.777999034151E-04 1.080024958355E-11 0.000000000000E+00
     3.400000000000E+01-1.930312500000E+02 2.662968066166E-09 6.592274331372E-01
    -8.882954716682E-06 1.993990736082E-04 1.094862818718E-05 5.440609371185E+03
     4.014000000000E+05 4.284083843231E-08 2.498637284581E+00-5.587935447693E-08
     9.914552658171E-01 1.136875000000E+02-4.022981444868E-01-5.488800059125E-09
    -6.514557071737E-10 2.580000000000E+02 2.414000000000E+03
     3.120000000000E+00 0.000000000000E+00-6.519258022308E-09 0.000000000000E+00
     4.023900000000E+05
> EPH E18 INAV
E18 2026 04 16 15 40 00 2.676112344489E-03 4.247624474374E-11 0.000000000000E+00
     3.500000000000E+01 1.543750000000E+01 8.855368861658E-09-5.124477800670E-01
     7.953494787216E-07 1.661262852140E-01-1.503154635429E-06 5.289297950745E+03
     4.020000000000E+05 1.888722181320E-06 1.323040696058E+00-3.017485141754E-07
     8.539229783253E-01 3.128750000000E+02 3.086503850303E+00-1.269445734653E-08
     1.921508609975E-10 5.170000000000E+02 2.414000000000E+03
     3.120000000000E+00 1.300000000000E+02-3.958120942116E-09-4.656612873077E-09
     4.026650000000E+05
> EPH E08 INAV
E08 2026 04 16 15 40 00-1.285267062485E-04-7.020162229310E-12 0.000000000000E+00
     3.500000000000E+01 7.500000000000E+00 3.550862193377E-09-8.646071137853E-03
     3.762543201447E-07 4.277956904843E-04 2.235174179077E-06 5.440601325989E+03
     4.020000000000E+05 3.352761268616E-08-1.696609275569E+00 1.862645149231E-09
     9.730822743140E-01 2.974062500000E+02-1.527086742550E-01-5.994535410747E-09
     4.893060958486E-11 5.170000000000E+02 2.414000000000E+03
     3.120000000000E+00 0.000000000000E+00-6.519258022308E-09-7.217749953270E-09
     4.026650000000E+05
> EPH E27 INAV
E27 2026 04 16 15 40 00-9.629144915380E-04-1.051603248925E-11 0.000000000000E+00
     3.500000000000E+01 2.002187500000E+02 2.933693628687E-09 2.783883767933E+00
     9.233132004738E-06 1.500984653831E-04 1.154839992523E-05 5.440622007370E+03
     4.020000000000E+05 4.097819328308E-08 4.021704653856E-01 7.078051567078E-08
     9.620697751878E-01 9.690625000000E+01 4.587789728429E-01-5.570946337991E-09
     5.103784021662E-10 5.170000000000E+02 2.414000000000E+03
    -1.000000000000E+00 0.000000000000E+00 0.000000000000E+00-2.328306436539E-10
     4.026650000000E+05
> EPH E13 INAV
E13 2026 04 16 15 40 00-5.264970241114E-05-8.668621376273E-13 0.000000000000E+00
     3.500000000000E+01-1.786875000000E+02 2.599036831745E-09 1.183645724715E+00
    -8.154660463333E-06 3.114639548585E-04 1.114048063755E-05 5.440612770081E+03
     4.020000000000E+05 1.136213541031E-07 2.501674622892E+00 9.313225746155E-08
     9.981704533259E-01 1.171562500000E+02-6.973423124778E-02-5.442726711414E-09
    -5.621662736246E-10 5.170000000000E+02 2.414000000000E+03
     3.600000000000E+00 0.000000000000E+00 3.026798367500E-09 2.793967723846E-09
     4.026650000000E+05
> EPH E05 INAV
E05 2026 04 16 15 40 00 2.762017538771E-05 2.785327524180E-12 0.000000000000E+00
     3.500000000000E+01 1.478125000000E+01 3.591935332810E-09 2.026699666439E+00
     7.264316082001E-07 3.487666836008E-04 2.304092049599E-06 5.440600727081E+03
     4.020000000000E+05 5.587935447693E-09-1.699439314000E+00-2.421438694000E-08
     9.673355561287E-01 2.979375000000E+02-6.177980700437E-01-6.024179502685E-09
     7.571743964957E-11 5.170000000000E+02 2.414000000000E+03
     3.600000000000E+00 0.000000000000E+00 1.164153218269E-09 1.164153218269E-09
     4.026650000000E+05
> EPH E26 INAV
E26 2026 04 16 15 40 00 2.778063644655E-04 1.078603872884E-11 0.000000000000E+00
     3.500000000000E+01-1.904687500000E+02 2.660467962027E-09 7.319270124980E-01
    -8.748844265938E-06 1.994677586481E-04 1.100078225136E-05 5.440610048294E+03
     4.020000000000E+05 5.587935447693E-08 2.498633973997E+00-5.960464477539E-08
     9.914548254788E-01 1.127187500000E+02-4.006121986947E-01-5.494157425138E-09
    -6.450268679581E-10 5.170000000000E+02 2.414000000000E+03
     3.120000000000E+00 0.000000000000E+00-6.519258022308E-09-7.217749953270E-09
     4.026650000000E+05
> EPH E18 FNAV
E18 2026 04 16 15 40 00 2.676112460904E-03 4.247624474374E-11 0.000000000000E+00
     3.500000000000E+01 1.543750000000E+01 8.855368861658E-09-5.124477800670E-01
     7.953494787216E-07 1.661262852140E-01-1.503154635429E-06 5.289297950745E+03
     4.020000000000E+05 1.888722181320E-06 1.323040696058E+00-3.017485141754E-07
     8.539229783253E-01 3.128750000000E+02 3.086503850303E+00-1.269445734653E-08
     1.921508609975E-10 2.580000000000E+02 2.414000000000E+03
     3.120000000000E+00 1.600000000000E+01-3.958120942116E-09 0.000000000000E+00
     4.027400000000E+05
> EPH E13 FNAV
E13 2026 04 16 15 40 00-5.265045911074E-05-8.810729923425E-13 0.000000000000E+00
     3.500000000000E+01-1.786875000000E+02 2.599036831745E-09 1.183645724715E+00
    -8.154660463333E-06 3.114639548585E-04 1.114048063755E-05 5.440612770081E+03
     4.020000000000E+05 1.136213541031E-07 2.501674622892E+00 9.313225746155E-08
     9.981704533259E-01 1.171562500000E+02-6.973423124778E-02-5.442726711414E-09
    -5.621662736246E-10 2.580000000000E+02 2.414000000000E+03
     3.600000000000E+00 0.000000000000E+00 3.026798367500E-09 0.000000000000E+00
     4.027400000000E+05
> EPH E08 FNAV
E08 2026 04 16 15 40 00-1.285268226638E-04-7.034373084025E-12 0.000000000000E+00
     3.500000000000E+01 7.500000000000E+00 3.550862193377E-09-8.646071137853E-03
     3.762543201447E-07 4.277956904843E-04 2.235174179077E-06 5.440601325989E+03
     4.020000000000E+05 3.352761268616E-08-1.696609275569E+00 1.862645149231E-09
     9.730822743140E-01 2.974062500000E+02-1.527086742550E-01-5.994535410747E-09
     4.893060958486E-11 2.580000000000E+02 2.414000000000E+03
     3.120000000000E+00 0.000000000000E+00-6.519258022308E-09 0.000000000000E+00
     4.027400000000E+05
> EPH E27 FNAV
E27 2026 04 16 15 40 00-9.629151900299E-04-1.051603248925E-11 0.000000000000E+00
     3.500000000000E+01 2.002187500000E+02 2.933693628687E-09 2.783883767933E+00
     9.233132004738E-06 1.500984653831E-04 1.154839992523E-05 5.440622007370E+03
     4.020000000000E+05 4.097819328308E-08 4.021704653856E-01 7.078051567078E-08
     9.620697751878E-01 9.690625000000E+01 4.587789728429E-01-5.570946337991E-09
     5.103784021662E-10 2.580000000000E+02 2.414000000000E+03
    -1.000000000000E+00 0.000000000000E+00 0.000000000000E+00 0.000000000000E+00
     4.027400000000E+05
> EPH E05 FNAV
E05 2026 04 16 15 40 00 2.761924406514E-05 2.799538378895E-12 0.000000000000E+00
     3.500000000000E+01 1.478125000000E+01 3.591935332810E-09 2.026699666439E+00
     7.264316082001E-07 3.487666836008E-04 2.304092049599E-06 5.440600727081E+03
     4.020000000000E+05 5.587935447693E-09-1.699439314000E+00-2.421438694000E-08
     9.673355561287E-01 2.979375000000E+02-6.177980700437E-01-6.024179502685E-09
     7.571743964957E-11 2.580000000000E+02 2.414000000000E+03
     3.600000000000E+00 0.000000000000E+00 1.164153218269E-09 0.000000000000E+00
     4.027400000000E+05
> EPH E26 FNAV
E26 2026 04 16 15 40 00 2.778062480502E-04 1.078603872884E-11 0.000000000000E+00
     3.500000000000E+01-1.904687500000E+02 2.660467962027E-09 7.319270124980E-01
    -8.748844265938E-06 1.994677586481E-04 1.100078225136E-05 5.440610048294E+03
     4.020000000000E+05 5.587935447693E-08 2.498633973997E+00-5.960464477539E-08
     9.914548254788E-01 1.127187500000E+02-4.006121986947E-01-5.494157425138E-09
    -6.450268679581E-10 2.580000000000E+02 2.414000000000E+03
     3.120000000000E+00 0.000000000000E+00-6.519258022308E-09 0.000000000000E+00
     4.027400000000E+05
> EPH E32 INAV
E32 2026 04 16 15 40 00-1.345423515886E-05-2.174260771426E-12 0.000000000000E+00
     3.500000000000E+01 8.531250000000E+00 3.915877397726E-09 1.099198349955E+00
     4.433095455170E-07 2.208235673606E-04 1.812353730202E-06 5.440595796585E+03
     4.020000000000E+05 1.676380634308E-08-1.680252138366E+00 1.862645149231E-08
     9.470679174773E-01 2.946250000000E+02-9.023266819396E-01-6.206687104860E-09
     4.107313943255E-11 5.170000000000E+02 2.414000000000E+03
     3.120000000000E+00 3.900000000000E+02-3.492459654808E-09-2.561137080193E-09
     4.028450000000E+05
> EPH E03 INAV
E03 2026 04 16 15 40 00-1.159682869911E-05-2.188471626141E-12 0.000000000000E+00
     3.500000000000E+01 1.534375000000E+01 3.547647773770E-09 5.496705836661E-01
     8.121132850647E-07 4.260634304956E-04 2.291053533554E-06 5.440601184845E+03
     4.020000000000E+05-1.676380634308E-08-1.699449808975E+00 2.235174179077E-08
     9.673221265407E-01 2.945937500000E+02 7.654056001584E-02-6.008107404647E-09
     6.821712723145E-11 5.170000000000E+02 2.414000000000E+03
     3.120000000000E+00 0.000000000000E+00 2.328306436539E-10 4.656612873077E-10
     4.028450000000E+05
> EPH E03 FNAV
E03 2026 04 16 15 40 00-1.159787643701E-05-2.174260771426E-12 0.000000000000E+00
     3.500000000000E+01 1.534375000000E+01 3.547647773770E-09 5.496705836661E-01
     8.121132850647E-07 4.260634304956E-04 2.291053533554E-06 5.440601184845E+03
     4.020000000000E+05-1.676380634308E-08-1.699449808975E+00 2.235174179077E-08
     9.673221265407E-01 2.945937500000E+02 7.654056001584E-02-6.008107404647E-09
     6.821712723145E-11 2.580000000000E+02 2.414000000000E+03
     3.120000000000E+00 0.000000000000E+00 2.328306436539E-10 0.000000000000E+00
     4.028900000000E+05
> EPH E32 FNAV
E32 2026 04 16 15 40 00-1.345574855804E-05-2.188471626141E-12 0.000000000000E+00
     3.500000000000E+01 8.531250000000E+00 3.915877397726E-09 1.099198349955E+00
     4.433095455170E-07 2.208235673606E-04 1.812353730202E-06 5.440595796585E+03
     4.020000000000E+05 1.676380634308E-08-1.680252138366E+00 1.862645149231E-08
     9.470679174773E-01 2.946250000000E+02-9.023266819396E-01-6.206687104860E-09
     4.107313943255E-11 2.580000000000E+02 2.414000000000E+03
     3.120000000000E+00 4.800000000000E+01-3.492459654808E-09 0.000000000000E+00
     4.028900000000E+05
> EPH E32 INAV
E32 2026 04 16 15 50 00-1.345557393506E-05-2.188471626141E-12 0.000000000000E+00
     3.600000000000E+01 9.687500000000E+00 3.911234347181E-09 1.172943086268E+00
     4.991888999939E-07 2.207891084254E-04 1.825392246246E-06 5.440596082687E+03
     4.026000000000E+05 1.303851604462E-08-1.680255858567E+00 2.235174179077E-08
     9.470679613649E-01 2.943125000000E+02-9.016847447089E-01-6.204544158454E-09
     3.857303529318E-11 5.170000000000E+02 2.414000000000E+03
     3.120000000000E+00 3.900000000000E+02-3.492459654808E-09-2.561137080193E-09
     4.032650000000E+05
> EPH E03 INAV
E03 2026 04 16 15 50 00-1.159822568297E-05-2.188471626141E-12 0.000000000000E+00
     3.600000000000E+01 1.562500000000E+01 3.548004931504E-09 6.238765253843E-01
     8.307397365570E-07 4.260867135599E-04 2.330169081688E-06 5.440601343155E+03
     4.026000000000E+05-2.048909664154E-08-1.699453401901E+00 1.862645149231E-08
     9.673221835945E-01 2.940312500000E+02 7.672077981986E-02-6.007035931444E-09
     6.535986535788E-11 5.170000000000E+02 2.414000000000E+03
     3.120000000000E+00 0.000000000000E+00 2.328306436539E-10 4.656612873077E-10
     4.032650000000E+05
> EPH E08 INAV
E08 2026 04 16 15 50 00-1.285308389924E-04-7.005951374595E-12 0.000000000000E+00
     3.600000000000E+01 8.375000000000E+00 3.545504827365E-09 6.556067811111E-02
     4.153698682785E-07 4.278882406652E-04 2.214685082436E-06 5.440601566315E+03
     4.026000000000E+05 3.166496753693E-08-1.696612869959E+00 7.450580596924E-09
     9.730823240532E-01 2.978750000000E+02-1.525292078537E-01-5.991320991139E-09
     4.714482091388E-11 5.170000000000E+02 2.414000000000E+03
     3.120000000000E+00 0.000000000000E+00-6.519258022308E-09-7.217749953270E-09
     4.032650000000E+05
> EPH E26 INAV
E26 2026 04 16 15 50 00 2.778128255159E-04 1.078603872884E-11 0.000000000000E+00
     3.600000000000E+01-1.883125000000E+02 2.658682173356E-09 8.047857119952E-01
    -8.637085556984E-06 1.995054772124E-04 1.106597483158E-05 5.440610656738E+03
     4.026000000000E+05 6.891787052155E-08 2.498630656099E+00-6.146728992462E-08
     9.914543851405E-01 1.114687500000E+02-3.990854271671E-01-5.499157633417E-09
    -6.378837132742E-10 5.170000000000E+02 2.414000000000E+03
     3.120000000000E+00 0.000000000000E+00-6.519258022308E-09-7.217749953270E-09
     4.032650000000E+05
> EPH E13 INAV
E13 2026 04 16 15 50 00-5.265010986477E-05-8.668621376273E-13 0.000000000000E+00
     3.600000000000E+01-1.769687500000E+02 2.613680298847E-09 1.259354721133E+00
    -8.091330528259E-06 3.116003936157E-04 1.102313399315E-05 5.440611915588E+03
     4.026000000000E+05 9.872019290924E-08 2.501671262570E+00 1.098960638046E-07
     9.981700612639E-01 1.203125000000E+02-7.105848956274E-02-5.438797976338E-09
    -5.493085951936E-10 5.170000000000E+02 2.414000000000E+03
     3.600000000000E+00 0.000000000000E+00 3.026798367500E-09 2.793967723846E-09
     4.032650000000E+05
> EPH E27 INAV
E27 2026 04 16 15 50 00-9.629207197577E-04-1.051603248925E-11 0.000000000000E+00
     3.600000000000E+01 1.982812500000E+02 2.932622155484E-09 2.857743682712E+00
     9.126961231232E-06 1.503264065832E-04 1.154653728008E-05 5.440621528625E+03
     4.026000000000E+05 3.166496753693E-08 4.021671328582E-01 7.823109626770E-08
     9.620701350656E-01 9.693750000000E+01 4.593037727600E-01-5.564517498775E-09
     5.050210361533E-10 5.170000000000E+02 2.414000000000E+03
    -1.000000000000E+00 0.000000000000E+00 0.000000000000E+00-2.328306436539E-10
     4.032650000000E+05
> EPH E21 INAV
E21 2026 04 16 15 50 00-7.356286514550E-04-2.785327524180E-12 0.000000000000E+00
     3.600000000000E+01 1.955000000000E+02 2.964409193827E-09 7.593655551948E-01
     9.158626198769E-06 9.129405952990E-05 1.215562224388E-05 5.440619070053E+03
     4.026000000000E+05 2.607703208923E-08 4.022054496085E-01 1.862645149231E-08
     9.620980490055E-01 7.937500000000E+01 1.758452062952E+00-5.612376635157E-09
     5.332364971548E-10 5.170000000000E+02 2.414000000000E+03
     3.600000000000E+00 0.000000000000E+00 2.328306436539E-10 0.000000000000E+00
     4.032950000000E+05
> EPH E05 INAV
E05 2026 04 16 15 50 00 2.762192161754E-05 2.799538378895E-12 0.000000000000E+00
     3.600000000000E+01 1.568750000000E+01 3.600149960697E-09 2.101228458085E+00
     7.487833499908E-07 3.488801885396E-04 2.292916178703E-06 5.440600484848E+03
     4.026000000000E+05 9.313225746155E-09-1.699442906927E+00-2.421438694000E-08
     9.673356073308E-01 2.984375000000E+02-6.179408318303E-01-6.025608133622E-09
     7.357449324439E-11 5.170000000000E+02 2.414000000000E+03
     3.600000000000E+00 0.000000000000E+00 1.164153218269E-09 1.164153218269E-09
     4.032950000000E+05
> EPH E13 FNAV
E13 2026 04 16 15 50 00-5.265080835670E-05-8.668621376273E-13 0.000000000000E+00
     3.600000000000E+01-1.769687500000E+02 2.613680298847E-09 1.259354721133E+00
    -8.091330528259E-06 3.116003936157E-04 1.102313399315E-05 5.440611915588E+03
     4.026000000000E+05 9.872019290924E-08 2.501671262570E+00 1.098960638046E-07
     9.981700612639E-01 1.203125000000E+02-7.105848956274E-02-5.438797976338E-09
    -5.493085951936E-10 2.580000000000E+02 2.414000000000E+03
     3.600000000000E+00 0.000000000000E+00 3.026798367500E-09 0.000000000000E+00
     4.033400000000E+05
> EPH E32 FNAV
E32 2026 04 16 15 50 00-1.345708733425E-05-2.188471626141E-12 0.000000000000E+00
     3.600000000000E+01 9.687500000000E+00 3.911234347181E-09 1.172943086268E+00
     4.991888999939E-07 2.207891084254E-04 1.825392246246E-06 5.440596082687E+03
     4.026000000000E+05 1.303851604462E-08-1.680255858567E+00 2.235174179077E-08
     9.470679613649E-01 2.943125000000E+02-9.016847447089E-01-6.204544158454E-09
     3.857303529318E-11 2.580000000000E+02 2.414000000000E+03
     3.120000000000E+00 4.800000000000E+01-3.492459654808E-09 0.000000000000E+00
     4.033400000000E+05
> EPH E03 FNAV
E03 2026 04 16 15 50 00-1.159927342087E-05-2.188471626141E-12 0.000000000000E+00
     3.600000000000E+01 1.562500000000E+01 3.548004931504E-09 6.238765253843E-01
     8.307397365570E-07 4.260867135599E-04 2.330169081688E-06 5.440601343155E+03
     4.026000000000E+05-2.048909664154E-08-1.699453401901E+00 1.862645149231E-08
     9.673221835945E-01 2.940312500000E+02 7.672077981986E-02-6.007035931444E-09
     6.535986535788E-11 2.580000000000E+02 2.414000000000E+03
     3.120000000000E+00 0.000000000000E+00 2.328306436539E-10 0.000000000000E+00
     4.033400000000E+05
> EPH E08 FNAV
E08 2026 04 16 15 50 00-1.285308972001E-04-7.005951374595E-12 0.000000000000E+00
     3.600000000000E+01 8.375000000000E+00 3.545504827365E-09 6.556067811111E-02
     4.153698682785E-07 4.278882406652E-04 2.214685082436E-06 5.440601566315E+03
     4.026000000000E+05 3.166496753693E-08-1.696612869959E+00 7.450580596924E-09
     9.730823240532E-01 2.978750000000E+02-1.525292078537E-01-5.991320991139E-09
     4.714482091388E-11 2.580000000000E+02 2.414000000000E+03
     3.120000000000E+00 0.000000000000E+00-6.519258022308E-09 0.000000000000E+00
     4.033400000000E+05
> EPH E21 FNAV
E21 2026 04 16 15 50 00-7.356294081546E-04-2.785327524180E-12 0.000000000000E+00
     3.600000000000E+01 1.955000000000E+02 2.964409193827E-09 7.593655551948E-01
     9.158626198769E-06 9.129405952990E-05 1.215562224388E-05 5.440619070053E+03
     4.026000000000E+05 2.607703208923E-08 4.022054496085E-01 1.862645149231E-08
     9.620980490055E-01 7.937500000000E+01 1.758452062952E+00-5.612376635157E-09
     5.332364971548E-10 2.580000000000E+02 2.414000000000E+03
     3.600000000000E+00 0.000000000000E+00 2.328306436539E-10 0.000000000000E+00
     4.033400000000E+05
> EPH E27 FNAV
E27 2026 04 16 15 50 00-9.629214182496E-04-1.051603248925E-11 0.000000000000E+00
     3.600000000000E+01 1.982812500000E+02 2.932622155484E-09 2.857743682712E+00
     9.126961231232E-06 1.503264065832E-04 1.154653728008E-05 5.440621528625E+03
     4.026000000000E+05 3.166496753693E-08 4.021671328582E-01 7.823109626770E-08
     9.620701350656E-01 9.693750000000E+01 4.593037727600E-01-5.564517498775E-09
     5.050210361533E-10 2.580000000000E+02 2.414000000000E+03
    -1.000000000000E+00 0.000000000000E+00 0.000000000000E+00 0.000000000000E+00
     4.033400000000E+05
> EPH E26 FNAV
E26 2026 04 16 15 50 00 2.778127091005E-04 1.078603872884E-11 0.000000000000E+00
     3.600000000000E+01-1.883125000000E+02 2.658682173356E-09 8.047857119952E-01
    -8.637085556984E-06 1.995054772124E-04 1.106597483158E-05 5.440610656738E+03
     4.026000000000E+05 6.891787052155E-08 2.498630656099E+00-6.146728992462E-08
     9.914543851405E-01 1.114687500000E+02-3.990854271671E-01-5.499157633417E-09
    -6.378837132742E-10 2.580000000000E+02 2.414000000000E+03
     3.120000000000E+00 0.000000000000E+00-6.519258022308E-09 0.000000000000E+00
     4.033400000000E+05
> EPH E05 FNAV
E05 2026 04 16 15 50 00 2.762099029496E-05 2.799538378895E-12 0.000000000000E+00
     3.600000000000E+01 1.568750000000E+01 3.600149960697E-09 2.101228458085E+00
     7.487833499908E-07 3.488801885396E-04 2.292916178703E-06 5.440600484848E+03
     4.026000000000E+05 9.313225746155E-09-1.699442906927E+00-2.421438694000E-08
     9.673356073308E-01 2.984375000000E+02-6.179408318303E-01-6.025608133622E-09
     7.357449324439E-11 2.580000000000E+02 2.414000000000E+03
     3.600000000000E+00 0.000000000000E+00 1.164153218269E-09 0.000000000000E+00
     4.033400000000E+05
> EPH E15 INAV
E15 2026 04 16 15 50 00-2.510571503080E-04-2.899014361901E-12 0.000000000000E+00
     3.600000000000E+01-1.624687500000E+02 2.581178945035E-09 2.259424008479E+00
    -7.672235369682E-06 3.209796268493E-04 1.085177063942E-05 5.440607940674E+03
     4.026000000000E+05-5.215406417847E-08 2.501581446714E+00 5.401670932770E-08
     9.981258679716E-01 1.255312500000E+02-2.689051924778E-01-5.330579182877E-09
    -5.039495629507E-10 5.170000000000E+02 2.414000000000E+03
     3.120000000000E+00 0.000000000000E+00 3.026798367500E-09 3.026798367500E-09
     4.033550000000E+05
> EPH E15 FNAV
E15 2026 04 16 15 50 00-2.510581980459E-04-2.899014361901E-12 0.000000000000E+00
     3.600000000000E+01-1.624687500000E+02 2.581178945035E-09 2.259424008479E+00
    -7.672235369682E-06 3.209796268493E-04 1.085177063942E-05 5.440607940674E+03
     4.026000000000E+05-5.215406417847E-08 2.501581446714E+00 5.401670932770E-08
     9.981258679716E-01 1.255312500000E+02-2.689051924778E-01-5.330579182877E-09
    -5.039495629507E-10 2.580000000000E+02 2.414000000000E+03
     3.120000000000E+00 0.000000000000E+00 3.026798367500E-09 0.000000000000E+00
     4.033900000000E+05
> EPH E23 INAV
E23 2026 04 16 15 50 00-3.185594687238E-05-1.278976924368E-12 0.000000000000E+00
     3.600000000000E+01 1.931562500000E+02 2.912264164635E-09-5.702993802183E-01
     8.922070264816E-06 2.678212476894E-04 1.261569559574E-05 5.440621286392E+03
     4.026000000000E+05 5.774199962616E-08 3.988761318662E-01-3.725290298462E-09
     9.640241693733E-01 6.471875000000E+01 2.298344155465E+00-5.574517915332E-09
     5.250218692682E-10 5.170000000000E+02 2.414000000000E+03
     3.120000000000E+00 0.000000000000E+00-4.656612873077E-10 6.984919309616E-10
     4.034340000000E+05
> EPH E23 FNAV
E23 2026 04 16 15 50 00-3.185786772519E-05-1.278976924368E-12 0.000000000000E+00
     3.600000000000E+01 1.931562500000E+02 2.912264164635E-09-5.702993802183E-01
     8.922070264816E-06 2.678212476894E-04 1.261569559574E-05 5.440621286392E+03
     4.026000000000E+05 5.774199962616E-08 3.988761318662E-01-3.725290298462E-09
     9.640241693733E-01 6.471875000000E+01 2.298344155465E+00-5.574517915332E-09
     5.250218692682E-10 2.580000000000E+02 2.414000000000E+03
     3.120000000000E+00 0.000000000000E+00-4.656612873077E-10 0.000000000000E+00
     4.034900000000E+05
> EPH E34 INAV
E34 2026 04 16 15 50 00-2.483060234226E-04-2.344791028008E-12 0.000000000000E+00
     3.600000000000E+01-1.672500000000E+02 2.453673633927E-09 1.283693779296E+00
    -8.000060915947E-06 1.203269930556E-04 9.687617421150E-06 5.440615713120E+03
     4.026000000000E+05-8.568167686462E-08 2.499747747659E+00 2.793967723846E-08
     9.979757169858E-01 1.487187500000E+02 1.489473692386E+00-5.349508542789E-09
    -5.625234313588E-10 5.170000000000E+02 2.414000000000E+03
     3.120000000000E+00 0.000000000000E+00 2.793967723846E-09 3.492459654808E-09
     4.034940000000E+05
> EPH S21 SBAS
S21 2026 04 16 15 44 16 0.000000000000E+00 0.000000000000E+00 4.023430000000E+05
     4.200468400000E+04 0.000000000000E+00 0.000000000000E+00 6.300000000000E+01
    -3.674932960000E+03 0.000000000000E+00 0.000000000000E+00 3.276700000000E+04
     0.000000000000E+00 0.000000000000E+00 0.000000000000E+00 2.320000000000E+02
> EPH S36 SBAS
S36 2026 04 16 15 44 16 0.000000000000E+00 0.000000000000E+00 4.023430000000E+05
     4.200368800000E+04 0.000000000000E+00 0.000000000000E+00 6.300000000000E+01
     3.674846960000E+03 0.000000000000E+00 0.000000000000E+00 3.276700000000E+04
     0.000000000000E+00 0.000000000000E+00 0.000000000000E+00 2.490000000000E+02
> EPH S23 SBAS
S23 2026 04 16 15 45 36 0.000000000000E+00 0.000000000000E+00 4.023470000000E+05
     3.866796400000E+04 0.000000000000E+00 0.000000000000E+00 6.300000000000E+01
     1.681330800000E+04 0.000000000000E+00 0.000000000000E+00 3.276700000000E+04
     0.000000000000E+00 0.000000000000E+00 0.000000000000E+00 5.700000000000E+01
> EPH S21 SBAS
S21 2026 04 16 15 46 56 0.000000000000E+00 0.000000000000E+00 4.024190000000E+05
     4.200468400000E+04 0.000000000000E+00 0.000000000000E+00 6.300000000000E+01
    -3.674932960000E+03 0.000000000000E+00 0.000000000000E+00 3.276700000000E+04
     0.000000000000E+00 0.000000000000E+00 0.000000000000E+00 2.330000000000E+02
> EPH S36 SBAS
S36 2026 04 16 15 46 56 0.000000000000E+00 0.000000000000E+00 4.024190000000E+05
     4.200368800000E+04 0.000000000000E+00 0.000000000000E+00 6.300000000000E+01
     3.674846960000E+03 0.000000000000E+00 0.000000000000E+00 3.276700000000E+04
     0.000000000000E+00 0.000000000000E+00 0.000000000000E+00 2.500000000000E+02
> EPH S23 SBAS
S23 2026 04 16 15 47 44 0.000000000000E+00 0.000000000000E+00 4.024700000000E+05
     3.866796400000E+04 0.000000000000E+00 0.000000000000E+00 6.300000000000E+01
     1.681330800000E+04 0.000000000000E+00 0.000000000000E+00 3.276700000000E+04
     0.000000000000E+00 0.000000000000E+00 0.000000000000E+00 5.800000000000E+01
> EPH S21 SBAS
S21 2026 04 16 15 49 20 0.000000000000E+00 0.000000000000E+00 4.025750000000E+05
     4.200468400000E+04 0.000000000000E+00 0.000000000000E+00 6.300000000000E+01
    -3.674932960000E+03 0.000000000000E+00 0.000000000000E+00 3.276700000000E+04
     0.000000000000E+00 0.000000000000E+00 0.000000000000E+00 2.340000000000E+02
> EPH S36 SBAS
S36 2026 04 16 15 49 20 0.000000000000E+00 0.000000000000E+00 4.025750000000E+05
     4.200368800000E+04 0.000000000000E+00 0.000000000000E+00 6.300000000000E+01
     3.674846960000E+03 0.000000000000E+00 0.000000000000E+00 3.276700000000E+04
     0.000000000000E+00 0.000000000000E+00 0.000000000000E+00 2.510000000000E+02
> EPH S23 SBAS
S23 2026 04 16 15 49 52 0.000000000000E+00 0.000000000000E+00 4.025950000000E+05
     3.866796400000E+04 0.000000000000E+00 0.000000000000E+00 6.300000000000E+01
     1.681330800000E+04 0.000000000000E+00 0.000000000000E+00 3.276700000000E+04
     0.000000000000E+00 0.000000000000E+00 0.000000000000E+00 5.900000000000E+01
> EPH S23 SBAS
S23 2026 04 16 15 52 00 0.000000000000E+00 0.000000000000E+00 4.027210000000E+05
     3.866796400000E+04 0.000000000000E+00 0.000000000000E+00 6.300000000000E+01
     1.681330800000E+04 0.000000000000E+00 0.000000000000E+00 3.276700000000E+04
     0.000000000000E+00 0.000000000000E+00 0.000000000000E+00 6.000000000000E+01
> EPH S21 SBAS
S21 2026 04 16 15 52 00 0.000000000000E+00 0.000000000000E+00 4.027270000000E+05
     4.200468400000E+04 0.000000000000E+00 0.000000000000E+00 6.300000000000E+01
    -3.674932960000E+03 0.000000000000E+00 0.000000000000E+00 3.276700000000E+04
     0.000000000000E+00 0.000000000000E+00 0.000000000000E+00 2.350000000000E+02
> EPH S36 SBAS
S36 2026 04 16 15 52 00 0.000000000000E+00 0.000000000000E+00 4.027270000000E+05
     4.200368800000E+04 0.000000000000E+00 0.000000000000E+00 6.300000000000E+01
     3.674846960000E+03 0.000000000000E+00 0.000000000000E+00 3.276700000000E+04
     0.000000000000E+00 0.000000000000E+00 0.000000000000E+00 2.520000000000E+02
> EPH S23 SBAS
S23 2026 04 16 15 54 08 0.000000000000E+00 0.000000000000E+00 4.028490000000E+05
     3.866796400000E+04 0.000000000000E+00 0.000000000000E+00 6.300000000000E+01
     1.681330800000E+04 0.000000000000E+00 0.000000000000E+00 3.276700000000E+04
     0.000000000000E+00 0.000000000000E+00 0.000000000000E+00 6.100000000000E+01
> EPH S21 SBAS
S21 2026 04 16 15 54 40 0.000000000000E+00 0.000000000000E+00 4.028820000000E+05
     4.200468400000E+04 0.000000000000E+00 0.000000000000E+00 6.300000000000E+01
    -3.674932960000E+03 0.000000000000E+00 0.000000000000E+00 3.276700000000E+04
     0.000000000000E+00 0.000000000000E+00 0.000000000000E+00 2.360000000000E+02
> EPH S36 SBAS
S36 2026 04 16 15 54 40 0.000000000000E+00 0.000000000000E+00 4.028820000000E+05
     4.200368800000E+04 0.000000000000E+00 0.000000000000E+00 6.300000000000E+01
     3.674846960000E+03 0.000000000000E+00 0.000000000000E+00 3.276700000000E+04
     0.000000000000E+00 0.000000000000E+00 0.000000000000E+00 2.530000000000E+02
> EPH S23 SBAS
S23 2026 04 16 15 56 16 0.000000000000E+00 0.000000000000E+00 4.029760000000E+05
     3.866796400000E+04 0.000000000000E+00 0.000000000000E+00 6.300000000000E+01
     1.681330800000E+04 0.000000000000E+00 0.000000000000E+00 3.276700000000E+04
     0.000000000000E+00 0.000000000000E+00 0.000000000000E+00 6.200000000000E+01
> EPH S21 SBAS
S21 2026 04 16 15 57 20 0.000000000000E+00 0.000000000000E+00 4.030420000000E+05
     4.200468400000E+04 0.000000000000E+00 0.000000000000E+00 6.300000000000E+01
    -3.674932960000E+03 0.000000000000E+00 0.000000000000E+00 3.276700000000E+04
     0.000000000000E+00 0.000000000000E+00 0.000000000000E+00 2.370000000000E+02
> EPH S36 SBAS
S36 2026 04 16 15 57 20 0.000000000000E+00 0.000000000000E+00 4.030420000000E+05
     4.200368800000E+04 0.000000000000E+00 0.000000000000E+00 6.300000000000E+01
     3.674846960000E+03 0.000000000000E+00 0.000000000000E+00 3.276700000000E+04
     0.000000000000E+00 0.000000000000E+00 0.000000000000E+00 2.540000000000E+02
> EPH S23 SBAS
S23 2026 04 16 15 58 08 0.000000000000E+00 0.000000000000E+00 4.030980000000E+05
     3.866796400000E+04 0.000000000000E+00 0.000000000000E+00 6.300000000000E+01
     1.681330800000E+04 0.000000000000E+00 0.000000000000E+00 3.276700000000E+04
     0.000000000000E+00 0.000000000000E+00 0.000000000000E+00 6.300000000000E+01
> EPH S21 SBAS
S21 2026 04 16 15 59 44 0.000000000000E+00 0.000000000000E+00 4.031980000000E+05
     4.200468400000E+04 0.000000000000E+00 0.000000000000E+00 6.300000000000E+01
    -3.674932960000E+03 0.000000000000E+00 0.000000000000E+00 3.276700000000E+04
     0.000000000000E+00 0.000000000000E+00 0.000000000000E+00 2.380000000000E+02
> EPH S36 SBAS
S36 2026 04 16 15 59 44 0.000000000000E+00 0.000000000000E+00 4.031980000000E+05
     4.200368800000E+04 0.000000000000E+00 0.000000000000E+00 6.300000000000E+01
     3.674846960000E+03 0.000000000000E+00 0.000000000000E+00 3.276700000000E+04
     0.000000000000E+00 0.000000000000E+00 0.000000000000E+00 2.550000000000E+02
> EPH S23 SBAS
S23 2026 04 16 16 00 16 0.000000000000E+00 0.000000000000E+00 4.032230000000E+05
     3.866796400000E+04 0.000000000000E+00 0.000000000000E+00 6.300000000000E+01
     1.681330800000E+04 0.000000000000E+00 0.000000000000E+00 3.276700000000E+04
     0.000000000000E+00 0.000000000000E+00 0.000000000000E+00 6.400000000000E+01
> EPH S23 SBAS
S23 2026 04 16 16 02 24 0.000000000000E+00 0.000000000000E+00 4.033490000000E+05
     3.866796400000E+04 0.000000000000E+00 0.000000000000E+00 6.300000000000E+01
     1.681330800000E+04 0.000000000000E+00 0.000000000000E+00 3.276700000000E+04
     0.000000000000E+00 0.000000000000E+00 0.000000000000E+00 6.500000000000E+01
> EPH S21 SBAS
S21 2026 04 16 16 02 24 0.000000000000E+00 0.000000000000E+00 4.033530000000E+05
     4.200468400000E+04 0.000000000000E+00 0.000000000000E+00 6.300000000000E+01
    -3.674932960000E+03 0.000000000000E+00 0.000000000000E+00 3.276700000000E+04
     0.000000000000E+00 0.000000000000E+00 0.000000000000E+00 2.390000000000E+02
> EPH S36 SBAS
S36 2026 04 16 16 02 24 0.000000000000E+00 0.000000000000E+00 4.033530000000E+05
     4.200368800000E+04 0.000000000000E+00 0.000000000000E+00 6.300000000000E+01
     3.674846960000E+03 0.000000000000E+00 0.000000000000E+00 3.276700000000E+04
     0.000000000000E+00 0.000000000000E+00 0.000000000000E+00 0.000000000000E+00
> EPH S23 SBAS
S23 2026 04 16 16 04 32 0.000000000000E+00 0.000000000000E+00 4.034770000000E+05
     3.866796400000E+04 0.000000000000E+00 0.000000000000E+00 6.300000000000E+01
     1.681330800000E+04 0.000000000000E+00 0.000000000000E+00 3.276700000000E+04
     0.000000000000E+00 0.000000000000E+00 0.000000000000E+00 6.600000000000E+01
> EPH S21 SBAS
S21 2026 04 16 16 05 04 0.000000000000E+00 0.000000000000E+00 4.035100000000E+05
     4.200468400000E+04 0.000000000000E+00 0.000000000000E+00 6.300000000000E+01
    -3.674932960000E+03 0.000000000000E+00 0.000000000000E+00 3.276700000000E+04
     0.000000000000E+00 0.000000000000E+00 0.000000000000E+00 2.400000000000E+02
> EPH S36 SBAS
S36 2026 04 16 16 05 04 0.000000000000E+00 0.000000000000E+00 4.035100000000E+05
     4.200368800000E+04 0.000000000000E+00 0.000000000000E+00 6.300000000000E+01
     3.674846960000E+03 0.000000000000E+00 0.000000000000E+00 3.276700000000E+04
     0.000000000000E+00 0.000000000000E+00 0.000000000000E+00 1.000000000000E+00
> EPH C11 D1
C11 2026 04 16 15 00 00 7.021240890026E-06 1.367883584180E-11 0.000000000000E+00
     1.000000000000E+00-9.621875000000E+01 4.155530237371E-09-2.693942478935E+00
    -4.682224243879E-06 1.771400799043E-03 2.285931259394E-06 5.282638313293E+03
     3.996000000000E+05-6.193295121193E-08 1.863428669524E+00 9.685754776001E-08
     9.736498704367E-01 3.206093750000E+02-1.411822571277E+00-7.253159266054E-09
    -3.696582548929E-10                    1.058000000000E+03
     2.000000000000E+00 0.000000000000E+00 3.800000000000E-09 1.900000000000E-09
     4.009680000000E+05 1.000000000000E+00
> EPH C14 D1
C14 2026 04 16 15 00 00-6.335157668218E-04-4.198597025606E-11 0.000000000000E+00
     1.900000000000E+01 7.585937500000E+01 3.558362505796E-09 1.565036549140E-01
     3.692228347063E-06 1.422198372893E-03 8.101575076580E-06 5.282627689362E+03
     3.996000000000E+05 7.031485438347E-08-2.361259991797E+00 2.840533852577E-08
     9.858911344373E-01 2.089218750000E+02-7.131108577582E-02-6.758852961927E-09
     6.518128649079E-10                    1.058000000000E+03
     2.000000000000E+00 0.000000000000E+00 6.200000000000E-09 2.100000000000E-09
     4.009680000000E+05 1.900000000000E+01
> EPH C21 D1
C21 2026 04 16 15 00 00-8.598443819210E-04 2.613909089177E-12 0.000000000000E+00
     1.000000000000E+00 8.001562500000E+01 3.391569843926E-09 1.597758961760E+00
     4.030298441648E-06 9.156551677734E-04 8.093193173409E-06 5.282627298355E+03
     3.996000000000E+05-9.033828973770E-08-2.356852610223E+00 5.913898348808E-08
     9.877441630291E-01 2.122656250000E+02-3.443587955832E-01-6.606346609425E-09
     5.993106779810E-10                    1.058000000000E+03
     2.000000000000E+00 0.000000000000E+00 1.110000000000E-08 1.110000000000E-08
     4.009680000000E+05 1.000000000000E+00
> EPH C28 D1
C28 2026 04 16 15 00 00 5.071639316157E-04 4.254374630364E-12 0.000000000000E+00
     1.000000000000E+00-9.201562500000E+01 4.713053460452E-09 8.897359019402E-01
    -4.394445568323E-06 6.846315227449E-05 8.242204785347E-07 5.282624351501E+03
     3.996000000000E+05 2.561137080193E-08 1.819645902801E+00-1.490116119385E-08
     9.486059520112E-01 3.358437500000E+02 3.573574005701E-02-7.641389723125E-09
    -4.146601294017E-10                    1.058000000000E+03
     2.000000000000E+00 0.000000000000E+00-4.300000000000E-09-4.300000000000E-09
     4.009680000000E+05 1.000000000000E+00
> EPH C33 D1
C33 2026 04 16 15 00 00-9.204099187627E-04 2.232880547126E-12 0.000000000000E+00
     1.000000000000E+00 7.379687500000E+01 3.539433145883E-09-3.048727596999E-01
     3.542285412550E-06 6.512020481750E-04 8.442904800177E-06 5.282624612808E+03
     3.996000000000E+05 6.658956408501E-08-2.365526972733E+00 2.747401595116E-08
     9.873288347347E-01 2.033593750000E+02-4.005544309856E-03-6.730280343191E-09
     6.218116152354E-10                    1.058000000000E+03
     2.000000000000E+00 0.000000000000E+00-4.510000000000E-08-4.510000000000E-08
     4.009680000000E+05 1.000000000000E+00
> EPH C34 D1
C34 2026 04 16 15 00 00 9.265136905015E-04 7.915446076368E-12 0.000000000000E+00
     1.000000000000E+00-7.782812500000E+01 4.740197448250E-09 1.576909941909E+00
    -3.862194716930E-06 7.043714867905E-04 1.225154846907E-06 5.282611333847E+03
     3.996000000000E+05-8.987262845039E-08 1.779487957422E+00-1.536682248116E-08
     9.445193035231E-01 3.272031250000E+02 1.056580200612E+00-7.559243444260E-09
    -2.953694461802E-10                    1.058000000000E+03
     2.000000000000E+00 0.000000000000E+00-6.200000000000E-09-6.200000000000E-09
     4.009380000000E+05 1.000000000000E+00
> EPH C37 D1
C37 2026 04 16 15 00 00-9.674046887085E-04-1.010125316725E-11 0.000000000000E+00
     1.000000000000E+00-1.093750000000E+00 3.776585881389E-09 2.624121448368E+00
    -2.188608050346E-08 5.781456129625E-04 1.475913450122E-05 5.282680732727E+03
     3.996000000000E+05-1.862645149231E-09-2.759836503411E-01-3.259629011154E-09
     9.458799563140E-01 5.007812500000E+01-2.640380523247E-01-6.749924018572E-09
    -2.982267080537E-10                    1.058000000000E+03
     2.000000000000E+00 0.000000000000E+00-1.680000000000E-08-1.680000000000E-08
     4.009980000000E+05 1.000000000000E+00
> EPH C42 D1
C42 2026 04 16 15 00 00-8.952937787399E-04 1.406874616805E-12 0.000000000000E+00
     1.000000000000E+00 7.806250000000E+01 3.496574217780E-09 1.340155143527E+00
     3.841239959002E-06 1.587809645571E-03 8.056405931711E-06 5.282623510361E+03
     3.996000000000E+05 8.055940270424E-08-2.362480072789E+00 8.428469300270E-08
     9.861742266407E-01 2.103593750000E+02-8.297929316577E-01-6.686349941885E-09
     6.618132814653E-10                    1.058000000000E+03
     2.000000000000E+00 0.000000000000E+00-3.270000000000E-08-3.270000000000E-08
     4.009380000000E+05 1.000000000000E+00
> EPH C43 D1
C43 2026 04 16 15 00 00 1.363237388432E-04 7.380762667708E-13 0.000000000000E+00
     1.000000000000E+00-8.287500000000E+01 4.879131806853E-09 8.189514783763E-01
    -3.943219780922E-06 6.888231728226E-04 9.345822036266E-07 5.282655809402E+03
     3.996000000000E+05-3.725290298462E-09 1.776195707098E+00 1.052394509315E-07
     9.414400379793E-01 3.323281250000E+02 9.746253661557E-01-7.733893576282E-09
    -3.221562762449E-10                    1.058000000000E+03
     2.000000000000E+00 0.000000000000E+00-3.300000000000E-09-3.300000000000E-09
     4.009380000000E+05 1.000000000000E+00
> EPH C49 D1
C49 2026 04 16 15 00 00-9.296227945015E-04 4.765077221691E-12 0.000000000000E+00
     1.000000000000E+00-9.073437500000E+01 4.672337478753E-09 3.289601125662E-01
    -4.282686859369E-06 4.337280988693E-04 1.212116330862E-06 5.282633373260E+03
     3.996000000000E+05 6.007030606270E-08 1.818267733029E+00 4.190951585770E-08
     9.511896628332E-01 3.303281250000E+02 1.045795457350E+00-7.632103622036E-09
    -3.978737158944E-10                    1.058000000000E+03
     2.000000000000E+00 0.000000000000E+00 1.400000000000E-09 1.400000000000E-09
     4.009680000000E+05 1.000000000000E+00
> EPH C50 D1
C50 2026 04 16 15 00 00-3.714038757607E-04 8.157918784946E-12 0.000000000000E+00
     1.000000000000E+00 8.114062500000E+01 3.709083069626E-09 1.128166843100E+00
     4.026107490063E-06 3.763720160350E-04 7.980968803167E-06 5.282637861252E+03
     3.996000000000E+05-2.002343535423E-08-2.370862458795E+00 1.182779669762E-07
     9.720710263400E-01 2.058437500000E+02-2.397563025152E-01-6.785639791991E-09
     6.450268679581E-10                    1.058000000000E+03
     2.000000000000E+00 0.000000000000E+00 3.160000000000E-08 3.160000000000E-08
     4.009380000000E+05 1.000000000000E+00
> ION C21 D1D2
    2026 04 16 15 37 20 2.514570951462E-08 1.341104507446E-07-1.192092895508E-06
     1.847743988037E-06 1.454080000000E+05-5.406720000000E+05 3.211264000000E+06
    -2.490368000000E+06 0.000000000000E+00
> ION C14 D1D2
    2026 04 16 15 45 50 2.328306436539E-08 1.788139343262E-07-1.430511474609E-06
     2.145767211914E-06 1.392640000000E+05-5.406720000000E+05 3.473408000000E+06
    -2.686976000000E+06 0.000000000000E+00
> EPH C43 CNV2
C43 2026 04 16 15 00 00 1.363237388432E-04 7.380762667708E-13 0.000000000000E+00
    -2.530097961426E-03-8.086328125000E+01 4.849130557180E-09 8.195771194310E-01
    -3.898516297340E-06 6.896400591359E-04 1.010484993458E-06 5.282656277637E+03
     3.996000000000E+05-7.078051567078E-08 1.776195433532E+00 1.108273863792E-07
     9.414400306647E-01 3.293593750000E+02 9.739981751392E-01-7.709606850357E-09
    -2.853690296227E-10 2.720537428447E-14 3.000000000000E+00 4.020000000000E+05
     0.000000000000E+00-2.000000000000E+00 3.000000000000E+00 3.000000000000E+00
                       -2.619344741106E-09-9.313225746155E-10-4.714820533991E-09
     1.500000000000E+01 0.000000000000E+00 0.000000000000E+00 2.700000000000E+01
     4.023690000000E+05                                       2.700000000000E+01
> EPH C49 CNV2
C49 2026 04 16 15 00 00-9.296228527091E-04 4.765077221691E-12 0.000000000000E+00
     1.806259155273E-03-9.305078125000E+01 4.661979904461E-09 3.276241435921E-01
    -4.494562745094E-06 4.334421246313E-04 1.220963895321E-06 5.282633206437E+03
     3.996000000000E+05 4.656612873077E-08 1.818267539924E+00 9.872019290924E-08
     9.511895984648E-01 3.299921875000E+02 1.047132621528E+00-7.628532044694E-09
    -3.621579424748E-10-9.395445766511E-15 3.000000000000E+00 4.020000000000E+05
     0.000000000000E+00-2.000000000000E+00 3.000000000000E+00 3.000000000000E+00
                       -2.619344741106E-09 1.164153218269E-09-1.327134668827E-08
     0.000000000000E+00 0.000000000000E+00 0.000000000000E+00 2.700000000000E+01
     4.023690000000E+05                                       2.700000000000E+01
> EPH C42 CNV2
C42 2026 04 16 15 00 00-8.952937787399E-04 1.406874616805E-12 0.000000000000E+00
     9.474754333496E-04 7.796484375000E+01 3.477466279000E-09 1.340173586535E+00
     3.838911652565E-06 1.587468257640E-03 8.151866495609E-06 5.282623302032E+03
     3.996000000000E+05 3.445893526077E-08-2.362479943321E+00 1.294538378716E-07
     9.861744021908E-01 2.090742187500E+02-8.298108743480E-01-6.652777114870E-09
     6.337763993310E-10-6.125569049628E-15 3.000000000000E+00 4.020000000000E+05
     0.000000000000E+00-2.000000000000E+00 3.000000000000E+00 3.000000000000E+00
                       -2.735760062933E-09-2.718297764659E-08-1.222360879183E-09
     0.000000000000E+00 0.000000000000E+00 0.000000000000E+00 2.700000000000E+01
     4.023690000000E+05                                       2.700000000000E+01
> EPH C50 CNV2
C50 2026 04 16 15 00 00-3.714038175531E-04 8.157918784946E-12 0.000000000000E+00
     3.624916076660E-03 7.771484375000E+01 3.701225599474E-09 1.127596645909E+00
     3.819353878498E-06 3.750771866180E-04 8.210539817810E-06 5.282637155845E+03
     3.996000000000E+05-8.288770914078E-08-2.370862281050E+00 9.592622518539E-08
     9.720711536139E-01 2.022656250000E+02-2.391839475200E-01-6.765817537744E-09
     6.073467270004E-10-2.700918168145E-14 3.000000000000E+00 4.020000000000E+05
     0.000000000000E+00-2.000000000000E+00 3.000000000000E+00 3.000000000000E+00
                       -2.386514097452E-09 3.539025783539E-08 8.550705388188E-08
     1.000000000000E+00 0.000000000000E+00 0.000000000000E+00 2.700000000000E+01
     4.023690000000E+05                                       2.700000000000E+01
> EPH C33 CNV2
C33 2026 04 16 15 00 00-9.204098605551E-04 2.232880547126E-12 0.000000000000E+00
     3.177642822266E-03 7.793750000000E+01 3.541397513421E-09-3.066152099714E-01
     3.818422555923E-06 6.513119442388E-04 8.389353752136E-06 5.282624156654E+03
     3.996000000000E+05 5.960464477539E-08-2.365526961030E+00 2.887099981308E-08
     9.873288135224E-01 2.041757812500E+02-2.261123487726E-03-6.735280551470E-09
     6.214544575012E-10-2.267114523706E-14 3.000000000000E+00 4.020000000000E+05
     0.000000000000E+00-2.000000000000E+00 3.000000000000E+00 3.000000000000E+00
                       -2.619344741106E-09-4.260800778866E-08 3.364402800798E-08
     1.500000000000E+01 0.000000000000E+00 0.000000000000E+00 2.700000000000E+01
     4.023690000000E+05                                       2.700000000000E+01
> EPH C28 CNV2
C28 2026 04 16 15 00 00 5.071638734080E-04 4.254374630364E-12 0.000000000000E+00
     3.807067871094E-03-9.554687500000E+01 4.720196615135E-09 8.810092218218E-01
    -4.622153937817E-06 6.722321268171E-05 1.071020960808E-06 5.282623712983E+03
     3.996000000000E+05 6.146728992462E-08 1.819645795277E+00 2.793967723846E-09
     9.486058795968E-01 3.321328125000E+02 4.446485373964E-02-7.652104455151E-09
    -3.919806132802E-10-2.737976770937E-14 3.000000000000E+00 4.020000000000E+05
     0.000000000000E+00-2.000000000000E+00 3.000000000000E+00 3.000000000000E+00
                       -2.619344741106E-09-2.561137080193E-09-1.012813299894E-08
     0.000000000000E+00 0.000000000000E+00 0.000000000000E+00 2.700000000000E+01
     4.023690000000E+05                                       2.700000000000E+01
> EPH C34 CNV2
C34 2026 04 16 15 00 00 9.265137487091E-04 7.915446076368E-12 0.000000000000E+00
     3.443241119385E-03-7.348437500000E+01 4.741447500320E-09 1.577420751940E+00
    -3.669410943985E-06 7.031726418063E-04 1.129694283009E-06 5.282610656636E+03
     3.996000000000E+05-7.078051567078E-08 1.779487883544E+00-3.352761268616E-08
     9.445193883723E-01 3.292382812500E+02 1.056071653715E+00-7.539599768879E-09
    -2.910835533698E-10-3.075864031681E-14 3.000000000000E+00 4.020000000000E+05
     0.000000000000E+00-2.000000000000E+00 3.000000000000E+00 3.000000000000E+00
                       -2.793967723846E-09-2.619344741106E-09-9.371433407068E-09
     3.000000000000E+00 0.000000000000E+00 0.000000000000E+00 2.700000000000E+01
     4.023690000000E+05                                       2.700000000000E+01
> EPH C21 CNV2
C21 2026 04 16 15 00 00-8.598443237133E-04 2.613909089177E-12 0.000000000000E+00
     8.053302764893E-03 6.931250000000E+01 3.396212894471E-09 1.598592972088E+00
     3.388151526451E-06 9.128485689871E-04 8.203089237213E-06 5.282625973119E+03
     3.996000000000E+05-9.965151548386E-08-2.356852439061E+00 4.656612873077E-09
     9.877442339806E-01 2.105117187500E+02-3.451878283329E-01-6.603667926418E-09
     5.650235354982E-10-6.166987488042E-14 3.000000000000E+00 4.020000000000E+05
     0.000000000000E+00-2.000000000000E+00 3.000000000000E+00 3.000000000000E+00
                       -3.550667315722E-09 1.490116119385E-08 1.164153218269E-10
     0.000000000000E+00 0.000000000000E+00 0.000000000000E+00 2.700000000000E+01
     4.023690000000E+05                                       2.700000000000E+01
> EPH C37 CNV2
C37 2026 04 16 15 00 00-9.674046887085E-04-1.010125316725E-11 0.000000000000E+00
    -1.052665710449E-02-6.121093750000E+00 3.756942206009E-09 2.617927027512E+00
    -3.082677721977E-07 5.794219323434E-04 1.547764986753E-05 5.282682047154E+03
     3.996000000000E+05 0.000000000000E+00-2.759837637172E-01-3.259629011154E-08
     9.458800192195E-01 3.678125000000E+01-2.578503323642E-01-6.730280343191E-09
    -2.894763435659E-10 8.534378231065E-14 3.000000000000E+00 4.020000000000E+05
     0.000000000000E+00-2.000000000000E+00 3.000000000000E+00 3.000000000000E+00
                       -2.677552402020E-09-1.216540113091E-08-7.741618901491E-09
     1.500000000000E+01 0.000000000000E+00 0.000000000000E+00 2.700000000000E+01
     4.024290000000E+05                                       2.700000000000E+01
> STO C43 D1D2
    2026 04 12 00 00 00 BDUT                                  UTC(NTSC)         
     4.027800000000E+05 0.000000000000E+00 0.000000000000E+00 0.000000000000E+00
> EPH C05 D2
C05 2026 04 16 15 00 00-3.866378683597E-04 1.833910800997E-11 0.000000000000E+00
     1.000000000000E+00 8.465468750000E+02-1.168655822063E-08 2.687211832770E+00
     2.794666215777E-05 1.241471851245E-03-1.125596463680E-05 6.493436824799E+03
     3.996000000000E+05 9.797513484955E-07 8.497746575997E-01 2.989545464516E-07
     2.800610224657E-02 3.485781250000E+02 1.494760888985E+00 1.274838816440E-08
     8.036049019412E-11                    1.058000000000E+03
     2.000000000000E+00 0.000000000000E+00-2.000000000000E-10-9.300000000000E-09
     4.030476000000E+05 1.000000000000E+00
> ION C05 D1D2
    2026 04 16 16 00 17 2.514570951462E-08 1.341104507446E-07-1.192092895508E-06
     1.847743988037E-06 1.454080000000E+05-5.734400000000E+05 3.473408000000E+06
    -2.686976000000E+06 0.000000000000E+00
> EPH C43 CNV2
C43 2026 04 16 16 00 00 1.363278715871E-04 8.446576771348E-13 0.000000000000E+00
    -1.733303070068E-03-7.963671875000E+01 4.848951978313E-09 1.307289739442E+00
    -3.867782652378E-06 6.893399404362E-04 1.034699380398E-06 5.282655073446E+03
     4.032000000000E+05-1.136213541031E-07 1.776167198482E+00-5.587935447693E-09
     9.414392187452E-01 3.302460937500E+02 9.738485961544E-01-7.632996516372E-09
    -2.396528396456E-10 1.604419509084E-14 3.000000000000E+00 4.032000000000E+05
     0.000000000000E+00-2.000000000000E+00 3.000000000000E+00 3.000000000000E+00
                       -2.619344741106E-09-9.313225746155E-10-4.714820533991E-09
     1.500000000000E+01 0.000000000000E+00 0.000000000000E+00 0.000000000000E+00
     4.032120000000E+05                                       0.000000000000E+00
> EPH C49 CNV2
C49 2026 04 16 16 00 00-9.296060306951E-04 4.725997371224E-12 0.000000000000E+00
    -3.151893615723E-03-8.916015625000E+01 4.641443334745E-09 8.173803972544E-01
    -4.298053681850E-06 4.349710652605E-04 1.518055796623E-06 5.282634512677E+03
     4.032000000000E+05-8.195638656616E-08 1.818239574051E+00 9.965151548386E-08
     9.511883125598E-01 3.243554687500E+02 1.044941138061E+00-7.580137171711E-09
    -2.935836575092E-10 3.197939429112E-14 3.000000000000E+00 4.032000000000E+05
     0.000000000000E+00-2.000000000000E+00 3.000000000000E+00 3.000000000000E+00
                       -2.619344741106E-09 1.164153218269E-09-1.327134668827E-08
     0.000000000000E+00 0.000000000000E+00 0.000000000000E+00 0.000000000000E+00
     4.032120000000E+05                                       0.000000000000E+00
> EPH C42 CNV2
C42 2026 04 16 16 00 00-8.952889475040E-04 1.389111048411E-12 0.000000000000E+00
     5.479812622070E-03 7.289843750000E+01 3.473180386190E-09 1.828252800650E+00
     3.568828105927E-06 1.586038270034E-03 8.355826139450E-06 5.282622808632E+03
     4.032000000000E+05-6.426125764847E-08-2.362503573105E+00 7.543712854385E-08
     9.861768620876E-01 2.054218750000E+02-8.303211972278E-01-6.623490180666E-09
     5.678807973718E-10-4.305337677229E-14 3.000000000000E+00 4.032000000000E+05
     0.000000000000E+00-2.000000000000E+00 3.000000000000E+00 3.000000000000E+00
                       -2.735760062933E-09-2.718297764659E-08-1.222360879183E-09
     0.000000000000E+00 0.000000000000E+00 0.000000000000E+00 0.000000000000E+00
     4.032120000000E+05                                       0.000000000000E+00
> EPH C28 CNV2
C28 2026 04 16 16 00 00 5.071785417385E-04 4.196643033083E-12 0.000000000000E+00
     1.984596252441E-03-9.312109375000E+01 4.713053460452E-09 1.367030978442E+00
    -4.488043487072E-06 6.788526661694E-05 1.117587089539E-06 5.282625472695E+03
     4.032000000000E+05 3.818422555923E-08 1.819617917179E+00 9.965151548386E-08
     9.486043757170E-01 3.311796875000E+02 4.601255377327E-02-7.646568510271E-09
    -3.307280618656E-10-1.259992494906E-14 3.000000000000E+00 4.032000000000E+05
     0.000000000000E+00-2.000000000000E+00 3.000000000000E+00 3.000000000000E+00
                       -2.619344741106E-09-2.561137080193E-09-1.012813299894E-08
     0.000000000000E+00 0.000000000000E+00 0.000000000000E+00 0.000000000000E+00
     4.032120000000E+05                                       0.000000000000E+00
> EPH C33 CNV2
C33 2026 04 16 16 00 00-9.204020607285E-04 2.209787908214E-12 0.000000000000E+00
     1.314640045166E-03 7.626171875000E+01 3.527468361788E-09 1.818915222034E-01
     3.733672201633E-06 6.515940767713E-04 8.293427526951E-06 5.282625564202E+03
     4.032000000000E+05 6.612390279770E-08-2.365551181102E+00 5.960464477539E-08
     9.873311585801E-01 2.061093750000E+02-3.202994766160E-03-6.714743981753E-09
     6.128826718805E-10-6.844941927342E-15 3.000000000000E+00 4.032000000000E+05
     0.000000000000E+00-2.000000000000E+00 3.000000000000E+00 3.000000000000E+00
                       -2.619344741106E-09-4.260800778866E-08 3.364402800798E-08
     1.500000000000E+01 0.000000000000E+00 0.000000000000E+00 0.000000000000E+00
     4.032120000000E+05                                       0.000000000000E+00
> EPH C50 CNV2
C50 2026 04 16 16 00 00-3.713784390129E-04 7.631228982063E-12 0.000000000000E+00
     9.283065795898E-03 7.002343750000E+01 3.708011596424E-09 1.616504186916E+00
     3.414228558540E-06 3.730937605724E-04 8.203089237213E-06 5.282637593045E+03
     4.032000000000E+05-8.009374141693E-08-2.370886296314E+00-8.381903171539E-09
     9.720734394234E-01 2.024140625000E+02-2.405250250042E-01-6.766531853212E-09
     5.416297039084E-10-7.385561544533E-14 3.000000000000E+00 4.032000000000E+05
     0.000000000000E+00-2.000000000000E+00 3.000000000000E+00 3.000000000000E+00
                       -2.386514097452E-09 3.539025783539E-08 8.550705388188E-08
     1.000000000000E+00 0.000000000000E+00 0.000000000000E+00 0.000000000000E+00
     4.032120000000E+05                                       0.000000000000E+00
> EPH C34 CNV2
C34 2026 04 16 16 00 00 9.265424450859E-04 7.932321466342E-12 0.000000000000E+00
     8.270740509033E-03-6.705078125000E+01 4.735911555440E-09 2.066554582968E+00
    -3.398396074772E-06 7.017956813797E-04 1.217238605022E-06 5.282611234150E+03
     4.032000000000E+05-7.264316082001E-08 1.779460742025E+00-4.563480615616E-08
     9.445183109331E-01 3.271718750000E+02 1.054515092786E+00-7.545135713759E-09
    -2.884048703633E-10-7.496737352907E-14 3.000000000000E+00 4.032000000000E+05
     0.000000000000E+00-2.000000000000E+00 3.000000000000E+00 3.000000000000E+00
                       -2.793967723846E-09-2.619344741106E-09-9.371433407068E-09
     4.000000000000E+00 0.000000000000E+00 0.000000000000E+00 0.000000000000E+00
     4.032120000000E+05                                       0.000000000000E+00
> EPH C21 CNV2
C21 2026 04 16 16 00 00-8.598348358646E-04 2.617461802856E-12 0.000000000000E+00
     8.831024169922E-03 6.808203125000E+01 3.392641317129E-09 2.086295042266E+00
     3.322958946228E-06 9.125813376158E-04 8.181668817997E-06 5.282628763812E+03
     4.032000000000E+05-4.190951585770E-08-2.356875980339E+00-2.607703208923E-08
     9.877462776772E-01 2.107890625000E+02-3.453247135776E-01-6.620632918793E-09
     5.273433945405E-10-6.781724310816E-14 3.000000000000E+00 4.032000000000E+05
     0.000000000000E+00-2.000000000000E+00 3.000000000000E+00 3.000000000000E+00
                       -3.550667315722E-09 1.490116119385E-08 1.164153218269E-10
     0.000000000000E+00 0.000000000000E+00 0.000000000000E+00 0.000000000000E+00
     4.032120000000E+05                                       0.000000000000E+00
> EPH C43 D1
C43 2026 04 16 16 00 00 1.363279297948E-04 8.446576771348E-13 0.000000000000E+00
     1.000000000000E+00-7.934375000000E+01 4.873774440840E-09 1.307178639592E+00
    -3.854744136333E-06 6.887171184644E-04 9.383074939251E-07 5.282654903412E+03
     4.032000000000E+05-1.019798219204E-07 1.776167428891E+00 5.075708031654E-08
     9.414391148780E-01 3.325937500000E+02 9.739607112702E-01-7.669605184127E-09
    -2.592965150264E-10                    1.058000000000E+03
     2.000000000000E+00 0.000000000000E+00-3.300000000000E-09-3.300000000000E-09
     4.032180000000E+05 1.000000000000E+00
> EPH C14 D1
C14 2026 04 16 16 00 00-6.336668739095E-04-4.198152936397E-11 0.000000000000E+00
     2.000000000000E+01 7.707812500000E+01 3.533361464402E-09 6.439930094881E-01
     3.784894943237E-06 1.422369736247E-03 8.048489689827E-06 5.282628084183E+03
     4.032000000000E+05 5.913898348808E-08-2.361284110927E+00 9.592622518539E-08
     9.858936960069E-01 2.097500000000E+02-7.123528174970E-02-6.708850879139E-09
     6.250260348431E-10                    1.058000000000E+03
     2.000000000000E+00 0.000000000000E+00 6.200000000000E-09 2.100000000000E-09
     4.032180000000E+05 2.000000000000E+01
> EPH C49 D1
C49 2026 04 16 16 00 00-9.296060306951E-04 4.725997371224E-12 0.000000000000E+00
     1.000000000000E+00-9.129687500000E+01 4.672694636487E-09 8.160837829710E-01
    -4.362780600786E-06 4.339721053839E-04 1.397915184498E-06 5.282633983612E+03
     4.032000000000E+05-1.443549990654E-08 1.818239851274E+00 1.080334186554E-07
     9.511883052452E-01 3.282031250000E+02 1.046239700220E+00-7.607459738377E-09
    -3.289422731946E-10                    1.058000000000E+03
     2.000000000000E+00 0.000000000000E+00 1.400000000000E-09 1.400000000000E-09
     4.032180000000E+05 1.000000000000E+00
> EPH C42 D1
C42 2026 04 16 16 00 00-8.952888892964E-04 1.389111048411E-12 0.000000000000E+00
     1.000000000000E+00 7.895312500000E+01 3.471573176386E-09 1.827632393917E+00
     3.912486135960E-06 1.587764360011E-03 8.096918463707E-06 5.282623800278E+03
     4.032000000000E+05-2.514570951462E-08-2.362503707694E+00 1.052394509315E-07
     9.861767794327E-01 2.098125000000E+02-8.297041764179E-01-6.634204912692E-09
     5.968105738417E-10                    1.058000000000E+03
     2.000000000000E+00 0.000000000000E+00-3.270000000000E-08-3.270000000000E-08
     4.032180000000E+05 1.000000000000E+00
> EPH C11 D1
C11 2026 04 16 16 00 00 7.074908353388E-06 1.440980668121E-11 0.000000000000E+00
     1.000000000000E+00-9.265625000000E+01 4.148387082688E-09-2.206604349128E+00
    -4.540663212538E-06 1.771752256900E-03 2.355780452490E-06 5.282637277603E+03
     4.032000000000E+05-6.379559636116E-08 1.863402380886E+00 2.887099981308E-08
     9.736487776369E-01 3.188906250000E+02-1.411596034024E+00-7.201728552330E-09
    -3.446572134992E-10                    1.058000000000E+03
     2.000000000000E+00 0.000000000000E+00 3.800000000000E-09 1.900000000000E-09
     4.032180000000E+05 1.000000000000E+00
> EPH C33 D1
C33 2026 04 16 16 00 00-9.204021189362E-04 2.209787908214E-12 0.000000000000E+00
     1.000000000000E+00 7.500000000000E+01 3.542647565491E-09 1.825643496808E-01
     3.622844815254E-06 6.517586298287E-04 8.186325430870E-06 5.282625717163E+03
     4.032000000000E+05 6.053596735001E-08-2.365551205971E+00 3.213062882423E-08
     9.873310612960E-01 2.072343750000E+02-3.876591007004E-03-6.733137605065E-09
     6.207401420328E-10                    1.058000000000E+03
     2.000000000000E+00 0.000000000000E+00-4.510000000000E-08-4.510000000000E-08
     4.032180000000E+05 1.000000000000E+00
> EPH C28 D1
C28 2026 04 16 16 00 00 5.071785999462E-04 4.196643033083E-12 0.000000000000E+00
     1.000000000000E+00-9.050000000000E+01 4.721268088338E-09 1.367728896427E+00
    -4.290137439966E-06 6.859656423330E-05 1.123175024986E-06 5.282625663757E+03
     4.032000000000E+05 5.820766091347E-08 1.819618111747E+00 4.563480615616E-08
     9.486044364281E-01 3.313125000000E+02 4.531329502348E-02-7.651747297417E-09
    -3.660866775510E-10                    1.058000000000E+03
     2.000000000000E+00 0.000000000000E+00-4.300000000000E-09-4.300000000000E-09
     4.032180000000E+05 1.000000000000E+00
> EPH C50 D1
C50 2026 04 16 16 00 00-3.713783808053E-04 7.631228982063E-12 0.000000000000E+00
     1.000000000000E+00 8.253125000000E+01 3.696225391195E-09 1.614080994781E+00
     4.121102392673E-06 3.763220738620E-04 8.249189704657E-06 5.282639072418E+03
     4.032000000000E+05-8.707866072655E-08-2.370886436022E+00 3.213062882423E-08
     9.720733948044E-01 2.015625000000E+02-2.381076494308E-01-6.764924643408E-09
     5.675236396376E-10                    1.058000000000E+03
     2.000000000000E+00 0.000000000000E+00 3.160000000000E-08 3.160000000000E-08
     4.032180000000E+05 1.000000000000E+00
> EPH C34 D1
C34 2026 04 16 16 00 00 9.265424450859E-04 7.932321466342E-12 0.000000000000E+00
     1.000000000000E+00-7.751562500000E+01 4.700552939755E-09 2.063750825860E+00
    -3.851018846035E-06 7.040598429739E-04 1.025386154652E-06 5.282612501144E+03
     4.032000000000E+05-5.494803190231E-08 1.779460739831E+00-2.747401595116E-08
     9.445183994397E-01 3.316562500000E+02 1.057313441486E+00-7.527099248182E-09
    -2.925121843066E-10                    1.058000000000E+03
     2.000000000000E+00 0.000000000000E+00-6.200000000000E-09-6.200000000000E-09
     4.032180000000E+05 1.000000000000E+00
> EPH C21 D1
C21 2026 04 16 16 00 00-8.598348358646E-04 2.617461802856E-12 0.000000000000E+00
     1.000000000000E+00 7.667187500000E+01 3.385855320179E-09 2.083978368853E+00
     3.833789378405E-06 9.149662218988E-04 8.673407137394E-06 5.282630058289E+03
     4.032000000000E+05-5.774199962616E-08-2.356876046170E+00-2.002343535423E-08
     9.877462754828E-01 2.026406250000E+02-3.430135912072E-01-6.615632710514E-09
     5.375223899651E-10                    1.058000000000E+03
     2.000000000000E+00 0.000000000000E+00 1.110000000000E-08 1.110000000000E-08
     4.032180000000E+05 1.000000000000E+00
> EPH C05 D2
C05 2026 04 16 16 00 00-3.865723265335E-04 1.827960005585E-11 0.000000000000E+00
     1.000000000000E+00-2.174062500000E+02-1.168655822063E-08 2.948796849431E+00
    -6.974674761295E-06 1.235931180418E-03-2.968823537230E-05 6.493450496674E+03
     4.032000000000E+05 2.458691596985E-07 1.591307990422E+00-4.624016582966E-07
     3.345185136960E-02 9.006093750000E+02 7.548288545887E-01 1.266909914740E-08
     2.732256666600E-10                    1.058000000000E+03
     2.000000000000E+00 0.000000000000E+00-2.000000000000E-10-9.300000000000E-09
     4.032276000000E+05 1.000000000000E+00
